가게ID,가게명,업종,평점,날짜,리뷰내용
35608484,JW메리어트동대문스퀘어서울 타볼로 24,맛집,,,JW 갈비 가든은 여전히 갈비 연관 메뉴들이 다양하면서 저 같은 육식파에게 천국이구요.
35608484,JW메리어트동대문스퀘어서울 타볼로 24,맛집,,,고집스럽고 구성도 알차고 맛도 좋아서 둥생도 아주 만족스러워 했어요. 특히나 차례주가 돋보였어요.
35608484,JW메리어트동대문스퀘어서울 타볼로 24,맛집,,,남자친구와 3년 기념일이라 방문했어요. 음식이 하나도 빠짐없이 너무 맛있고 신선했어요! 사람도 많지가 않아서 조용하게 즐길 수 있는게 제일 좋았구요!
35608484,JW메리어트동대문스퀘어서울 타볼로 24,맛집,,,너무나 다양한 음식과 데코도 넘 이쁘고 맛과 양 그리고 신선도 모두 대 만족이였어요^^
35608484,JW메리어트동대문스퀘어서울 타볼로 24,맛집,,,"늘 따뜻함을 유지하고 보내주지만, 먹기전에 한번더 데워서 먹으면 '내가 호텔에 온건가?' 헷갈릴만큼 맛있어요😁"
35608484,JW메리어트동대문스퀘어서울 타볼로 24,맛집,,,"늘 친절한 응대와 깨끗한 시설 이용이 가능해서 좋아하는곳인데 평소에는 금,토에 방문하다가 처음으로 평일에 방문했더니 이용객이 적어서 그런지 양고기, 랍스터, la갈비 등 구이류 구워주시는 텀이 길어서 자주 비어있더라구요."
35608484,JW메리어트동대문스퀘어서울 타볼로 24,맛집,,,다 먹고 갈때쯤 김세준 직원분께서 조각케이크를 이벤트선물로 주셨는데 그 사이 오간 대화에 애기심장소리 듣고온날임은 들으시고 식사를 마치고 나가는길에 정성가득한 손편지와 샴폐인을 선물로주셨다
35608484,JW메리어트동대문스퀘어서울 타볼로 24,맛집,,,단발머리 여자 직원분 향수 냄새가 너무 강해서 테이블 근처에 올 때마다 음식을 먹는 건지 향수를 먹는 건지 모를 정도였습니다. 음식 그것도 회와 와인을 다루는 곳에서 강한 향수 사용은 손님도 입장 금지 되는데 직원이 냄새가 진동할 정도의 향수를 사용하고도 아무런 제재가 없었다는 게 이해 되지 않습니다. 평일이라 그런지 빈 음식이 채워지는 텀도 길고 직원분 향수 냄새와 응대 태도도 아쉬웠습니다.
35608484,JW메리어트동대문스퀘어서울 타볼로 24,맛집,,,"디저트 : 낭낭함, 호텔 케익 가져다 놓음, 빙수 얼음 우유 베이스"
35608484,JW메리어트동대문스퀘어서울 타볼로 24,맛집,,,랍스타 바로 구워주시고 거의 고기나 스파게트 전부 바로 굽고 조리해서 주시구요 과일도 신선하게 냉장고?에서 꺼내먹을수 있고 깔끔하고 무엇보다 다들 너무 친절하세요ㅎ 같이간 지인은 신×호텔 담으로 탑이라는데
35608484,JW메리어트동대문스퀘어서울 타볼로 24,맛집,,,랍스터 바로바로 구워주셔서 진짜 따뜻하고 쫀득하고 너무 맛있었고 회 신선하고 쫄깃하고요. 마카롱이랑 타르트 미쳤어요 부페 디저트 아닌것같아요 유명 디저트집 온줄요. 커피도 고소하니 맛있어서 투샷 두잔 그냥 들어가더라고요
35608484,JW메리어트동대문스퀘어서울 타볼로 24,맛집,,,매번 방문할때마다 지배인님 모든 직원분들이 친절하고 세심하게 잘챙겨주십니다. 음식맛도 좋고 부모님과 식사잘했습니다. 감사합니다
35608484,JW메리어트동대문스퀘어서울 타볼로 24,맛집,,,명절마다 이용하고 있는데 항상 만족스럽게 잘 이용하고 있습니다. 친절하고 맛있어요. 이번에는 나물이 빠져서 나물은 다른데서 구매했는데 역시나 명절투고에 포함된 나물이 젤 맛있어요.
35608484,JW메리어트동대문스퀘어서울 타볼로 24,맛집,,,명절음식 여기서 주문한지 n회차입니다. 부모님이 늘 만족해하십니다. 강추합니다
35608484,JW메리어트동대문스퀘어서울 타볼로 24,맛집,,,몇년전에 디너를 너무 맛있게 먹어서 이번에는 런치타임에 지인과 함께 아이동반하여 방문했습니다. 음식과 분위기 모두 만족스러웠고 무엇보다 직원들이 너무 친절합니다.. 주말이고 바쁜 시간대였는데 계속 웃으시면서인사해주시는 모습이 너무 감동이었습니다ㅠㅠㅠㅠ특히 갈비구이 아이가 너~~~무 맛있게 잘먹었습니다😆
35608484,JW메리어트동대문스퀘어서울 타볼로 24,맛집,,,무화과 너무 맛있었고 버섯 수프 레시피 알고 싶어요ㅠㅠㅠ
35608484,JW메리어트동대문스퀘어서울 타볼로 24,맛집,,,"배우자 생일이어서 방문하게 된 타볼로 24, 기념일이라고 예약했더니 동대문이 잘 보이는 좋은 자리로 배정해주셨고, 특히 직원분들의 서비스에 감동을 받았네요. 김세준(LOGAN)님께서 직접 챙겨주신 특별한 와인잔과 생일 케익에 감사했습니다. 그리고 양갈비와 랍스터를 직접 테이블 서비스 해주신 셰프님께도 감사드립니다. 분위기도 좋고 음식도 다양하고 맛있어서 아주 만족스러운 생일을 챙겨줬네요. 다음에 또 뵐게요!!"
35608484,JW메리어트동대문스퀘어서울 타볼로 24,맛집,,,"부모님 모시고 가족끼리 평일 저녁에 여유롭게 아주 만족스럽게 식사했습니다! 우선 예약을 하고 가서, 바로 흥인지문이 보이는 창가자리에 앉을 수 있었구요~ 사진엔 다 담지도 못했지만, 우대갈비,갈비찜 등 여러종류 갈비랑 스테이크,양갈비,랍스타,대개,사시미는 물론이고 요리들도 너무 맛있었구요.. 라이브 파스타 코너도 있고 디저트도 예쁘고 사랑스런 맛이에요~ 치즈랑 올리브 종류도 많아서 와인 마시기도 좋아요! 저희 언니가 좋은 장소에서 오랜만에 가족들과 행복한 시간이어서 와인을 좀 많이 마셨는데요.. 매니저님과 직원분들이 끝까지 너무 따듯하고 친절하게 대해주셔서 감사했습니다 :) 덕분에 부모님도 행복해하시고 맛있고 즐거운 저녁이었어요~❤️"
35608484,JW메리어트동대문스퀘어서울 타볼로 24,맛집,,,뷰가 정말좋고 맛있게 먹었습니다. 특히 디저트류가 정말 맛났습니다. ^^ 재방문의사 있습니다.
35608484,JW메리어트동대문스퀘어서울 타볼로 24,맛집,,,생일기념이라 했더니 뷰도 좋은 자리에 케잌도 준비해주시고 음식도 따뜻하고 맛나고 분위기도 조용해서 넘 좋았어요 ~ 갈때마다 너무 만족하는 곳이예요
35608484,JW메리어트동대문스퀘어서울 타볼로 24,맛집,,,손글씨로 정성스럽게 써주시는 편지 버리지않고 늘 집에 가져오게되더라구요!
35608484,JW메리어트동대문스퀘어서울 타볼로 24,맛집,,,시어머니 환갑 기념으로 방문해보았어요. 2시30분까지 이용 가능하니까 가급적 일찍 방문하세요. 사람 별로 없어서 널널했어요. 조용한 분위기라 대화하기도 좋았습니다.
35608484,JW메리어트동대문스퀘어서울 타볼로 24,맛집,,,신랑 생일 겸 방문하였습니다! 아이랑 같이 방문하였는데 직원분들이 너무나 친절하셨으며 메뉴 구성이 알차고 각 메뉴마다 너무 맛있었네요!
35608484,JW메리어트동대문스퀘어서울 타볼로 24,맛집,,,아침에 방문예약 후 이용대기 시간 바로 입장가족모임부모님
35608484,JW메리어트동대문스퀘어서울 타볼로 24,맛집,,,"양갈비스테이크, 랍스터구이, 대게찜은 당연히 맛있었고, 제철 재료 활용한 음식(주꾸미, 두릅 등등) 봄느낌 나서 좋았습니다^^"
35608484,JW메리어트동대문스퀘어서울 타볼로 24,맛집,,,언제가도 늘 좋은 메리어트 동대문 타볼로✨ 생일 기념으로 점심에 방문했는데 음식맛은 말할 것도 없이 너무 맛있고 항상 친절하고 센스있는 직원분들 응대 덕분에 재방문할수밖에 없는 것 같아요❤️
35608484,JW메리어트동대문스퀘어서울 타볼로 24,맛집,,,엄마아빠 생신 파티로 방문했는데 귀여운 손편지와 케이크 서비스로 더 즐거운 시간이었어요~ 직원분이 너무 친절하셔서 좋았던것 같아요 디너와 함께 조식도 너무 맛있었어요! 일단 재료가 신선해서 너무 맛있는 식사였어요~!!
35608484,JW메리어트동대문스퀘어서울 타볼로 24,맛집,,,여기 뷔페는 여러번의 음식 테마 프로모션을 하시면서 손님들이 좋아하시는 메뉴들을 계속 누적 운영해 오시다보니 기본 뷔페 자체가 메뉴 구성이 개성있으면서도 맛나고 남녀노소 모두 좋아하실만한 뷔페인거 같아요.
35608484,JW메리어트동대문스퀘어서울 타볼로 24,맛집,,,"오늘 처음 먹어본 파스타가 생각보다 너무 맛있어서 놀랐습니다👍 체리,용과도 달고 시원해서 디저트로 딱!"
35608484,JW메리어트동대문스퀘어서울 타볼로 24,맛집,,,음식이 모두 정갈하고 직원분들 친절도가 상당하심. 한식 바베큐들이 특히 맛있는데 맛있다고 먹느라 사진 찍을 생각도 못함 ㅡㅡ;;
35608484,JW메리어트동대문스퀘어서울 타볼로 24,맛집,,,이번 명절은 '명절 투 고' 덕분에 요리 스트레스 없이 온 가족이 모여 즐거운 시간을 보낼 수 있었습니다. 호텔 음식 퀄리티를 집에서 편안하게 맛볼 수 있다는 점이 정말 매력적이었어요. 간편하면서도 품격 있는 명절 상차림을 원하시는 분들께 JW 메리어트 동대문의 '명절 투 고'를 적극 추천해 드립니다!
35608484,JW메리어트동대문스퀘어서울 타볼로 24,맛집,,,"이번에도 수원왕갈비,생갈비구이, 우대갈비, LA갈비, 심지어는 갈비 오향 냉채 같은 갈비 관련 메뉴들이 다양하게 있어요."
35608484,JW메리어트동대문스퀘어서울 타볼로 24,맛집,,,저녁에 방문예약 후 이용대기 시간 바로 입장데이트연인・배우자
35608484,JW메리어트동대문스퀘어서울 타볼로 24,맛집,,,저녁에 방문예약 후 이용대기 시간 바로 입장데이트연인・배우자
35608484,JW메리어트동대문스퀘어서울 타볼로 24,맛집,,,저녁에 방문예약 후 이용대기 시간 바로 입장데이트연인・배우자
35608484,JW메리어트동대문스퀘어서울 타볼로 24,맛집,,,저녁에 방문예약 후 이용대기 시간 바로 입장데이트연인・배우자
35608484,JW메리어트동대문스퀘어서울 타볼로 24,맛집,,,점심에 방문예약 후 이용대기 시간 바로 입장가족모임부모님
35608484,JW메리어트동대문스퀘어서울 타볼로 24,맛집,,,"점심에 방문예약 후 이용대기 시간 바로 입장기념일, 가족모임연인・배우자, 아이"
35608484,JW메리어트동대문스퀘어서울 타볼로 24,맛집,,,"점심에 방문예약 후 이용대기 시간 바로 입장데이트, 기념일연인・배우자"
35608484,JW메리어트동대문스퀘어서울 타볼로 24,맛집,,,점심에 방문예약 후 이용대기 시간 바로 입장친목친구
35608484,JW메리어트동대문스퀘어서울 타볼로 24,맛집,,,점심에 방문예약 후 이용대기 시간 바로 입장친목친구
35608484,JW메리어트동대문스퀘어서울 타볼로 24,맛집,,,점심에 방문예약 후 이용대기 시간 바로 입장친목친척・형제
35608484,JW메리어트동대문스퀘어서울 타볼로 24,맛집,,,"정말 열심히 먹느라 사진 찍는 걸 까먹었어요. 랍스타, 양갈비, 연어, 광어회는 꼭 드세요. 뷰까지 제 맘에 쏙 드네요~~~ 가격이 부담되긴 하지만 좋은 추억이네요^^"
35608484,JW메리어트동대문스퀘어서울 타볼로 24,맛집,,,"조식 먹었는데, 양식, 일식, 중식, 한식, 베트남 쌀국수까지 골고루 있어서 맛있게 먹을 수 있었습니다. 다른 호텔과 달리 조식에 웨이팅 없이 곧바로 식사할 수 있었고, 그만큼 뷔페에서 음식도 빨리 골라서 먹을 수 있었어요."
35608484,JW메리어트동대문스퀘어서울 타볼로 24,맛집,,,주차 자리는 좁지 않은데 주차장 내려 갈 때 마다 입구가 좁은 처음 입구만 좁은가 했는데 입구마다 좁아서 후기가 이해 됨.
35608484,JW메리어트동대문스퀘어서울 타볼로 24,맛집,,,"지난 명절에 이어서 두번째로 투고 서비스를 이용하였는데 역시나 맛있고 샐러드 부터 고기, 식사, 디저트까지 메뉴 구성이 알차서 좋았어요. 부모님도 식사가 간도 쎄지 않고 좋다고 굉장히 만족하셨습니다. 다만 소스에 설명이 없는 점과 호텔 입구에서 직원분들이 투고 서비스를 인지하지 못하고 계시는 점은 아쉬웠습니다."
35608484,JW메리어트동대문스퀘어서울 타볼로 24,맛집,,,직원분들 친절하시고 평일 방문이라 넉넉하게 배우자와 많은 대화 나누며 좋은 시간 보냈습니다.
35608484,JW메리어트동대문스퀘어서울 타볼로 24,맛집,,,창밖으로 보이는 동대문의 멋짐이 참 좋아요. 음식도 서비스도 고급스럽고 좋아요.
35608484,JW메리어트동대문스퀘어서울 타볼로 24,맛집,,,투숙하고 먹었는데 음식이 여기저기 있어서 저는 좀 불편하더라고요 한식은 매우 맛있고 퀄리티가 좋았는데 양식메뉴는 좀 부족했어요 다를 메리어트에비해 아이들 메뉴가 부족한지 아이는 별로 안먹더군요 서비스는 매우 친절했고 어른은 만족스러웠습니다
35608484,JW메리어트동대문스퀘어서울 타볼로 24,맛집,,,"평일에 연차를 내면 꼭 하고 싶었던 것이 호텔 런치 뷔페 이용이에요. 동네에 있는 곳이라서 아무 생각 없이 믈 지나쳤는데, 이렇게 보물 같은 뷔페가 있었을 줄이야! 가격대비 퀄리티도 훌륭하고, 북적이지 않아 혼자 여유롭게 시간을 보낼 수 있었어요. 바로 구워주시는 여타 뷔페에 비해 크기는 작아도 양갈비와 랍스터도 맛있었고, 게는 따뜻하게 찜기에 들어 있어서 기분이 좋았습니다. 디저트류도 사이즈도 작고 조금씩 맛보기 좋았어요. 또 연차 내고 싶어요. 뷔페 가고 싶어서요!"
36073217,Projec D,맛집,,,+ 근데 직원분이 조금 불친절해용 뭔가 성수 편집샵 직원 같은 느낌? 그래도 맛은 있어요~~
36073217,Projec D,맛집,,,"5시 30분 예약이였지만 늦게 입장하였고, 사이드메뉴는 오래걸린다고하셔서 주문도 못하고, 메뉴도 한번 잘못 가져다주시고 6시 10분쯤 되서야 먹을 수 있었습니다."
36073217,Projec D,맛집,,,6층은 고급 와인바처럼 층고도 높고 럭셔리한 느낌이에요! 날씨 좋음날 방문해서 루프탑도 즐기러 또 올거에요! 머쉬룸 미트 피자랑 알프레도 반반했는데 진짜 강추합니다 머쉬룸미트인데 고기가 더많아요. 완전 배불러지고 피자 도우가 진짜 넘 맛있어요. 피자 도우만 따로 빵으로 만들어서 파셔도될거같아요. 진짜 최고에요.
36073217,Projec D,맛집,,,Gooood 맛있어요!!!!!!!!!.ᐟ.ᐟ.ᐟ.ᐟ.ᐟ.ᐟ.ᐟ.ᐟ
36073217,Projec D,맛집,,,그냥 아무곳이나 찾아서 온 곳인데 뷰가 미쳤어요.. ✨
36073217,Projec D,맛집,,,남자친구랑 처음 소개팅 했던 장소에 남편이 되어 결혼식 얼마 안남은 시점에 다녀왔습니다
36073217,Projec D,맛집,,,너무 맛있었습니다!!! 친구들이랑 오랜만에 다같이 피맥하러 왔는데 맥주 종류도 다양하고 피자도 다들 너무 맛있다고 좋아해요...!!! 매장도 넓고 시끄럽지 않아서 친구들이랑 대화 나누기 좋은 장소입니다 다음에 또 재방문할게요!!
36073217,Projec D,맛집,,,너무너무너무 맛있어요!!!!!!!!!!!!! 다음에 또 오고 싶어요 ㅎ.ㅎ
36073217,Projec D,맛집,,,동대문에 이렇게 멋진 테라스 펍이 있는 줄 이제 알았다니요😍 요즘같은 날씨에 가기 딱 좋은 곳입니다!
36073217,Projec D,맛집,,,"동역사에 오면 꼭 방문하는 프젝디! 피자가 너무 마시쒀요..❤️ 꾸덕한 버섯향, 바삭한 꼬다리.. 맥주랑 최고의 조합! 자주올게용~~"
36073217,Projec D,맛집,,,동행이 여기 너무 맛있다고 꼭 가자고 해서 왔는데 진짜; 너무 맛있네요; 둘이 한 판 순삭;; 트러플 머시룸 피자 추천추천. 뷰도 이쁘고 쵝오네요. 아니...화덕피자도 아닌데 도우 어케 이렇게 쫠깃바삭해요?
36073217,Projec D,맛집,,,딱 지금가면 좋은 루프탑에 좋은 뷰에서 먹는 피자! 직원분들이 친절하셔서 더 좋았어요 ㅎㅎㅎㅎ
36073217,Projec D,맛집,,,매년 가을마다 오게 되더라구요! 뷰도 좋고 피자도 맛있습니다!!🙂
36073217,Projec D,맛집,,,무엇보다 뷰가 너무 예뻐서 식사하는 내내 너무 좋았답니다😊
36073217,Projec D,맛집,,,밤에 방문예약 없이 이용대기 시간 바로 입장친목친구
36073217,Projec D,맛집,,,"분위기도 너무 좋고, 직원분들도 친절해서 기분 좋게 식사하고 왔습니다 :)"
36073217,Projec D,맛집,,,뷰도 좋고 직원분들도 친절하시고 음식도 정말 맛있어요~~~ 피맥은 실패하지 않는 조합이죠ㅎㅎ
36073217,Projec D,맛집,,,비오는 연휴에 방문했는데 손님많아요 역시맛집 👍 반반피자 주문했어야했는데ㅠ 실수로 머쉬룸 1판 먹었지만 진짜 맛있었어요 ! 낙산
36073217,Projec D,맛집,,,식사시간에 맞춰서 오면 웨이팅이 있을 수 있으니 미리 예약하고 가시는걸 추천합니다
36073217,Projec D,맛집,,,엄청 인기가 많ㄴ나봐용 ㅜㅜ 야외 테이블은 무조건 예약하고 가세요! 저흰 예약없이 와서 그냥 1층에서 먹었어요 맛도 맛있었고 분위기도 좋아용
36073217,Projec D,맛집,,,예약없이 방문햇는데 바로 입장했어요!!! 피자 냄새부터 맛이며 진짜 강추합니당! 넘넘 맛있어요!!
36073217,Projec D,맛집,,,"와이프와 대학로 연극보러갔다가 마지막에는 분위기, 뷰가 좋은 곳을 찾다가 왔습니다. 야경보고싶었는디 루프탑과 6층은 마감이었기에 아쉬웠는데 5층도 분위기 괜찮고 뷰 좋아요^^! 이 무더위에 생맥주 들어가니 넘 좋았어요!! 잘 먹고 갑니당"
36073217,Projec D,맛집,,,음료 1인1잔이라 콜라와 사이다 시켜먹었는데 선선한 지금 날씨랑...딱입니다...
36073217,Projec D,맛집,,,"일단 그냥 너무 맛있어요👍 피자 끝부분 원래 안먹는데 여긴 빵이 그냥 맛있어서 다 먹어요😎 분위기도 아늑하고 좋고, 항상 평일 저녁에 가는데 웨이팅은 안했지만 늘 손님이 많았어요!"
36073217,Projec D,맛집,,,저녁에 방문예약 없이 이용대기 시간 바로 입장가족모임친척・형제
36073217,Projec D,맛집,,,"저녁에 방문예약 없이 이용대기 시간 바로 입장데이트, 친목연인・배우자, 친척・형제"
36073217,Projec D,맛집,,,저녁에 방문예약 없이 이용대기 시간 바로 입장데이트연인・배우자
36073217,Projec D,맛집,,,저녁에 방문예약 없이 이용대기 시간 바로 입장데이트연인・배우자
36073217,Projec D,맛집,,,저녁에 방문예약 없이 이용대기 시간 바로 입장데이트연인・배우자
36073217,Projec D,맛집,,,저녁에 방문예약 없이 이용대기 시간 바로 입장친목친구
36073217,Projec D,맛집,,,저녁에 방문예약 없이 이용대기 시간 바로 입장친목친구
36073217,Projec D,맛집,,,"저녁에 방문예약 없이 이용대기 시간 바로 입장친목친구, 친척・형제"
36073217,Projec D,맛집,,,저녁에 방문예약 후 이용대기 시간 바로 입장데이트연인・배우자
36073217,Projec D,맛집,,,저녁에 방문예약 후 이용대기 시간 바로 입장데이트연인・배우자
36073217,Projec D,맛집,,,저녁에 방문예약 후 이용대기 시간 바로 입장데이트연인・배우자
36073217,Projec D,맛집,,,저녁에 방문예약 후 이용대기 시간 바로 입장데이트연인・배우자
36073217,Projec D,맛집,,,"저녁에 방문예약 후 이용대기 시간 바로 입장일상연인・배우자, 아이"
36073217,Projec D,맛집,,,저의 또또또간집이에요💗 피자 도우 너무 쫄깃하고 자꾸 생각나는맛🍕 감튀도 맛있다구요오~~
36073217,Projec D,맛집,,,"저희는 하와이안과 앵그리 루이지 하프앤하프 피자를 시켰는데, 달콤 짭짤함과 매콤 칼칼함의 조화가 환상이었어요. 🤤 시그니처 프로젝 핫윙은 육즙 가득 매콤했고, 시원한 카브리 라거와 완벽 궁합!"
36073217,Projec D,맛집,,,점심에 방문예약 없이 이용대기 시간 바로 입장데이트연인・배우자
36073217,Projec D,맛집,,,점심에 방문예약 없이 이용대기 시간 바로 입장데이트연인・배우자
36073217,Projec D,맛집,,,점심에 방문예약 후 이용대기 시간 바로 입장친목친구
36073217,Projec D,맛집,,,정말 피자 맛집 멋진뷰랑 담백하고 쫄깃한피자ㅜㅠ너무 맛있네요💘
36073217,Projec D,맛집,,,"직원분들은 다 친절하세요!! 1층,5,6,7층에 매장이 있는데 7층은 루프탑이고, 1층으로 가면 5층응로 가는 엘레베이터까지 직접 안내해주세요"
36073217,Projec D,맛집,,,풍경이 너무 예쁘고 사람들이랑 시간 보내기 너무 좋은 것 같아요 음식이 너무 너무 맛있고 만족스럽게 식사했습니다 !!
36073217,Projec D,맛집,,,피자 너무 맛있어요. 특히 바질피자🌿 치즈도 맛있고 크러스트도 예술이에요. 요즘 같은 날씨에 테라스에 앉으니 더욱 좋았습니다!!!!
36073217,Projec D,맛집,,,피자 도우가 쫄깃하니 너무 맛있어요! 처음 오자마자 뷰가 너무 이뻐서 놀랐습니다💕 직원분들도 너무 친절하시고 피자도 너무 맛있어요👍
36073217,Projec D,맛집,,,피자가 맛있어요~엄청커서 배불러요!!밖에 뷰가 좋아서 데이트하기 좋아요!!
36073217,Projec D,맛집,,,피자는 반반주문도 가능하고 잘숙성된 도우가 특히 쫄깃하고 맛있었다 재료도 신선하고 분위기는 진짜 짱짱짱~~ 동대문쪽 오시면 꼭~~ 다이 오고싶다~~~ 직원분들도 친절하시고 피자 뷰~ 모두 굿이라 강추합니다~~~~~^^
36073217,Projec D,맛집,,,피자맛집이라는 소문만큼!!너무 맛나고~ 제취향♡ 슈퍼마리오피자 최고!! 하와이안도 파인애플이 엄청마니올라가있어요 창가뷰도좋고 음악도.. 분위기도넘 좋은 피자집발견!!♡♡
1814970451,노보텔 앰배서더 서울 동대문 푸드 익스체인지,맛집,,,**런칭 기념 25% 할인** [주중 런치] Asian Table 세미 뷔페
1814970451,노보텔 앰배서더 서울 동대문 푸드 익스체인지,맛집,,,**런칭 기념 25% 할인** [주중 런치] Asian Table 세미 뷔페
1814970451,노보텔 앰배서더 서울 동대문 푸드 익스체인지,맛집,,,1000일기념으로 호캉스하면서 석식까지 예약했는데 완전 만족했습니다! 음식 맛있고 디저트도 너무 맛있어요!
1814970451,노보텔 앰배서더 서울 동대문 푸드 익스체인지,맛집,,,10월 8일 점심 이용했습니다 음식이 우선 맛있고 가짓수도 적당합니다 20층이라 전망도 좋습니다 강추합니다
1814970451,노보텔 앰배서더 서울 동대문 푸드 익스체인지,맛집,,,20층이라 뷰도좋고 밝아서 음식맛이 더 좋아집니다
1814970451,노보텔 앰배서더 서울 동대문 푸드 익스체인지,맛집,,,건강검진데이트후 맛있는 점심먹으러 노보텔뷔페 깔끔하고 20층 고층뷰까지 너무 기분좋은 런치타임! 테이블에앉으면 랍스타와 민트티내어주셔서 더욱 기분좋구요 나중엔 디너타임에도 기대됩니다:)
1814970451,노보텔 앰배서더 서울 동대문 푸드 익스체인지,맛집,,,고객님께서 남겨주신 소중한 코멘트에 보답하며 발전하는 푸드익스체인지가 되겠습니다.감사합니다.
1814970451,노보텔 앰배서더 서울 동대문 푸드 익스체인지,맛집,,,고객님께서 남겨주신 소중한 코멘트에 보답하며 발전하는 푸드익스체인지가 되겠습니다.감사합니다.
1814970451,노보텔 앰배서더 서울 동대문 푸드 익스체인지,맛집,,,고객님의 귀중한 시간을 내어 방문해 주셨는데 만족 시켜드리지 못한 것 같아 너무나도 아쉽습니다. 항상 노력하고 발전하는 푸드익스체인지가 되겠습니다. 감사합니다.
1814970451,노보텔 앰배서더 서울 동대문 푸드 익스체인지,맛집,,,"냉이 치킨 빠에야, 달래 알리오 올리오, 쑥 돈코츠 라멘, 원추리 나물, 세발나물, 봄동 김치, 두릅 숙회, 참나물 항정살, 우엉 조림, 참소라 나물죽 등등."
1814970451,노보텔 앰배서더 서울 동대문 푸드 익스체인지,맛집,,,노보텔 동대문 푸익 4번 정도 가본것 같아요! 할인받아서 다녀왔지만 이번이 제일 좋았던것 같습니다!
1814970451,노보텔 앰배서더 서울 동대문 푸드 익스체인지,맛집,,,다른 뷔페는 양 은 많으나 딱히 손이 가는 음식이 한정적인데 반해 모든 음식들을 맛나요
1814970451,노보텔 앰배서더 서울 동대문 푸드 익스체인지,맛집,,,다음 번 방문시에도 최고의 음식과 서비스로 고객님을 만족시켜 드릴 수 있도록 최선을 다하겠습니다. 감사합니다.
1814970451,노보텔 앰배서더 서울 동대문 푸드 익스체인지,맛집,,,다음 번 방문시에도 최고의 음식과 서비스로 고객님을 만족시켜 드릴 수 있도록 최선을 다하겠습니다. 감사합니다.
1814970451,노보텔 앰배서더 서울 동대문 푸드 익스체인지,맛집,,,동대문 사는데 노보텔에 이런 가성비 좋은 뷔페가 있는걸 처음 알았어요 앞으로 기념일마다 올거예요 ^^
1814970451,노보텔 앰배서더 서울 동대문 푸드 익스체인지,맛집,,,동대문 자주 오는데 최근에 생겨서 이런데가 있는줄 몰랐어요 ㅎㅎ 오래된 맛집은 많은데 깔끔한곳 오고싶을때 어디가야될지 몰랐는데 만족스러운 장소 발견! 조만간 저녁에도 와보는걸로.. 잘먹었습니다~!
1814970451,노보텔 앰배서더 서울 동대문 푸드 익스체인지,맛집,,,동아시아음식이 다양하게 준비되어있어서 흥미로웠습니다 특히 김치가 맛있습니다
1814970451,노보텔 앰배서더 서울 동대문 푸드 익스체인지,맛집,,,맛있게 식사했습니다. 뷰도 좋고 깔끔하고 재미있게 잘 먹었습니다. 가성비 좋습니다!
1814970451,노보텔 앰배서더 서울 동대문 푸드 익스체인지,맛집,,,멋진 동대문 뷰를 바라보며 맛있는 런치뷔페 즐길 수 있었어요 음식이 하나같이 맛있고 늘 친절한 서비스에 요리들도 신경쓰시는 직원분들께도 감사한 곳😍
1814970451,노보텔 앰배서더 서울 동대문 푸드 익스체인지,맛집,,,메뉴 갯수는 생각보다 적지만 알차고 훈제연어 알리오올리오 맛있어요! 무엇보다 하겐다즈 아이스크림 4가지맛 짱!
1814970451,노보텔 앰배서더 서울 동대문 푸드 익스체인지,맛집,,,"모든 직원 및 셰프 분들이 친절하시고, 무엇보다 매장이 청결하고 아늑해서 좋았습니다. 창가자리에서 바라보는20층 뷰도 최고였어요. 저녁 식사로 가실 거면 18시에 딱 맞춰 가시면 서서히 노을지는 모습 볼 수 있어 좋습니다👍 다만 주차장 들어가는 길이 좁으니 초보운전자 분은 조심하세요!^^"
1814970451,노보텔 앰배서더 서울 동대문 푸드 익스체인지,맛집,,,밤에 방문예약 후 이용대기 시간 바로 입장일상부모님
1814970451,노보텔 앰배서더 서울 동대문 푸드 익스체인지,맛집,,,북한산과 도봉산 북악산을 바라보며 멋진 시간을 보냈습니다.준비된 모든 음식 다 훌륭했어요.
1814970451,노보텔 앰배서더 서울 동대문 푸드 익스체인지,맛집,,,뷰가 너무 좋아요 호텔치고 너무 가성비여서 진짜 강추합니다 음식도 맛있어요
1814970451,노보텔 앰배서더 서울 동대문 푸드 익스체인지,맛집,,,아들이 좋아해서 방문했는데 메뉴구성도 알차고 점심에 이용하기 좋아요~
1814970451,노보텔 앰배서더 서울 동대문 푸드 익스체인지,맛집,,,요즘 여름 보양식 메뉴들 가격이 어마무시한 시기인데 여기선 그런급의 메뉴들을 무제한으로 모두 이용할 수 있어서 오히려 가성비있게 느껴지더라구요.
1814970451,노보텔 앰배서더 서울 동대문 푸드 익스체인지,맛집,,,"음식 서비스가 페퍼민트티, 새우구이디쉬 등 좀더 서비스가 보완되어서 좋았고 중식이 특히 맛있어요"
1814970451,노보텔 앰배서더 서울 동대문 푸드 익스체인지,맛집,,,음식도 맛있고 여기계신분들이 친철하셔서 기분이 좋았습니다^^
1814970451,노보텔 앰배서더 서울 동대문 푸드 익스체인지,맛집,,,"일단 공간이 분위기 있어서 특별한 날에 오면 좋을 것 같아요. 음식이 정갈하고 에센셜만 딱 모아놓은 느낌이에요! 하나하나 모두 깔끔하고 맛있어서, 플레이버즈 갔을 때보다 더 먹은 것 같아요. 또 오고 싶어요!"
1814970451,노보텔 앰배서더 서울 동대문 푸드 익스체인지,맛집,,,점심 식사로 방문했는데 너무 만족스러워요!! 깔끔하고 복잡하지 않아서 여유롭게 식사하기 좋습니다!!
1814970451,노보텔 앰배서더 서울 동대문 푸드 익스체인지,맛집,,,점심에 방문예약 없이 이용대기 시간 바로 입장데이트연인・배우자
1814970451,노보텔 앰배서더 서울 동대문 푸드 익스체인지,맛집,,,점심에 방문예약 후 이용대기 시간 30분 이내여행부모님
1814970451,노보텔 앰배서더 서울 동대문 푸드 익스체인지,맛집,,,점심에 방문예약 후 이용대기 시간 바로 입장데이트연인・배우자
1814970451,노보텔 앰배서더 서울 동대문 푸드 익스체인지,맛집,,,점심에 방문예약 후 이용대기 시간 바로 입장친목아이
1814970451,노보텔 앰배서더 서울 동대문 푸드 익스체인지,맛집,,,"점심에 방문예약 후 이용대기 시간 바로 입장친목친구, 지인・동료"
1814970451,노보텔 앰배서더 서울 동대문 푸드 익스체인지,맛집,,,점심에 방문예약 후 이용대기 시간 바로 입장친목혼자
1814970451,노보텔 앰배서더 서울 동대문 푸드 익스체인지,맛집,,,정말 오성급 최고뷔페라는곳 가도 고기나 초밥중 어느것이 맛이 떨어져 안먹게되는데..여긴 정말 가성비 뷔페임에 틀림 없어요. 평일은 세미뷔페이고 오늘 영상은 세미뷔페입니다. 풀뷔페는 다른 영상 보시면 주말뷔페로 보실수 있을테니 비교하셔서 참고하시면 좋을것 같아요.
1814970451,노보텔 앰배서더 서울 동대문 푸드 익스체인지,맛집,,,조식 맛있게 잘 먹었습니다! 종류도 많고 음식들도 모두 깔끔하고 부족한 음식들은 바로바로 채워주셔서 너무 좋습니다! 쌀국수가 너무 맛있어요. 아이도 어른도 잘먹는 쌀국수입니다. 베이커리도 종류가 많아서 좋아요! 조식으로 너무 배부르게 먹게 된다는게 함정입니다.ㅎ 직원분들도 모두 친절하셔서 기분 좋은 아침식사를 했네요! 감사합니다😄
1814970451,노보텔 앰배서더 서울 동대문 푸드 익스체인지,맛집,,,종류는 많지않지만 음식이 하나하나 다 너무 맛있었습니다! 뷰도 너무 예뻤고 직원분들도 친절했어요
1814970451,노보텔 앰배서더 서울 동대문 푸드 익스체인지,맛집,,,"좋은 코멘트와 함께 멋진 사진들 남겨주셔서 감사드리며, 항상 맛과 서비스에 만족하실 수 있도록 최선을 다 하는 푸드익스체인지가 되겠습니다. 감사합니다"
1814970451,노보텔 앰배서더 서울 동대문 푸드 익스체인지,맛집,,,"좋은 코멘트와 함께 멋진 사진들 남겨주셔서 감사드리며, 항상 맛과 서비스에 만족하실 수 있도록 최선을 다 하는 푸드익스체인지가 되겠습니다. 감사합니다."
1814970451,노보텔 앰배서더 서울 동대문 푸드 익스체인지,맛집,,,"좋은 코멘트와 함께 멋진 사진들 남겨주셔서 감사드리며, 항상 맛과 서비스에 만족하실 수 있도록 최선을 다 하는 푸드익스체인지가 되겠습니다. 감사합니다."
1814970451,노보텔 앰배서더 서울 동대문 푸드 익스체인지,맛집,,,"좋은 코멘트와 함께 멋진 사진들 남겨주셔서 감사드리며, 항상 맛과 서비스에 만족하실 수 있도록 최선을 다 하는 푸드익스체인지가 되겠습니다. 감사합니다."
1814970451,노보텔 앰배서더 서울 동대문 푸드 익스체인지,맛집,,,"주말 뷔페에 비해 메뉴 종류가 적긴 하지만 스테이크, 해산물, 초밥, 한식, 양식, 디저트 등등 모둔 종류가 골고루 있어서 전혀 모자라다는 생각이 안들어요."
1814970451,노보텔 앰배서더 서울 동대문 푸드 익스체인지,맛집,,,직원분들도 미소 띈 모습으로 맞아주시고 친절함이 돋보이는 곳이에요.
1814970451,노보텔 앰배서더 서울 동대문 푸드 익스체인지,맛집,,,직원분들도 친절하시고 5성뷔폐 가성비로는 최고인듯 합니다.
1814970451,노보텔 앰배서더 서울 동대문 푸드 익스체인지,맛집,,,직원분들도 친절하시고 각 부문 주방장님들께서 돌아다니시며 빈 메뉴들 리필해주셨어요
1814970451,노보텔 앰배서더 서울 동대문 푸드 익스체인지,맛집,,,추석연휴라 고객이 많아도 퀄리티와 서비스는 변함없어 좋았다. 역시 나의 페이버린 부페이다^^ 태국요리 특선이라 신선함도 있고 만족스러 웠다. 다음이 기대된다~
1814970451,노보텔 앰배서더 서울 동대문 푸드 익스체인지,맛집,,,호텔 뷔페인데 저렴해서 가성비로 먹기 괜찮아요 호텔 뷔페 많이 안가봐서 비교는 좀 어렵지만 나름 구성이 알차요
31161142,도치피자 장충이탈리아음식,맛집,,,"1,2층으로 되어있고 1층에서 직접 피자 만드는 모습도 볼수있어 믿고 먹을 수 있어요!! 재방문의사 ☀️☀️🌟🌟🌟"
31161142,도치피자 장충이탈리아음식,맛집,,,‘진짜 피자’가 먹고 싶어서 방문했어요…. 치즈가 입에서 사르르 녹고 도우도 쫀득 깔끔해요!! 멀리서 방문했는데 후회 없습니다😭
31161142,도치피자 장충이탈리아음식,맛집,,,가족끼리 방문했어요^^ 아이들이 화덕피자를 좋아해서 검색해서 왔는데 아이들이 너무 맛있대요~ ㅎ 피클도 맛있고 분위기도 좋아요^^
31161142,도치피자 장충이탈리아음식,맛집,,,"계속해서 도치피자 강남점만 가보다가 이번에 시간내서 도치피자 장충점 오픈런하고 왔습니다! 역시 일찍 일어나는 사람이 맛있는거 많이 먹어요~ 일요일 오픈 10분 전 도착했고 제 앞에는 세 팀이 있었어요! 여유롭게 대기 없이 먹을 수 있어서 너무 좋았습니다 메뉴는 감베리 피자, 해산물 토마토 파스타, 시저샐러드 먹었는데요, 여기는 냄새로 승부하는 곳이네요, 파스타와 피자 모두 딱 테이블 위에 올려졌을 때 나는 냄새가 이미 합격이었습니다. 맛은 말해 뭐합니까! 피자 나오기도 전에 순삭. 재방문 의사 200퍼입니다."
31161142,도치피자 장충이탈리아음식,맛집,,,너무 맛있네요~ 화덕피자라 그런지 도우까지 완벽해요 쫄깃하게 끝까지 고소합니다
31161142,도치피자 장충이탈리아음식,맛집,,,너어어어무 맛있어요 ㅠㅠ 처음 와봤는데 도우가 엄청 쫄깃하고 감동적인 맛입니다..🤤🤤
31161142,도치피자 장충이탈리아음식,맛집,,,"대박! 너무 맛있어용 전통 나폴리 피자라구 하던데 치즈랑 도우 풍미가 넘 좋아요,, 찾아오길 잘했숩니당 헤헤"
31161142,도치피자 장충이탈리아음식,맛집,,,"데이트 하다가 저녁으로 화덕 피자 먹고 싶어서 왔는데, 별 모양 피자가 독특해서 시켜봤어요! 안에 크림치즈가 들어가 있어서 맛있었고, 화덕 피자 워낙 좋아하는데 너무 바삭하고 쫀득하니 맛있었어요 ㅎㅎ 파스타도 화덕 파스타 시켰는데 매콤하니 맛있더라구요 다음에 또 방문할 것 같아요❤️"
31161142,도치피자 장충이탈리아음식,맛집,,,"도우는 바삭하면서 쫄깃하고, 신선한 루콜라와 짭조름한 프로슈토가 잘 어울렸습니다. 치즈 풍미도 진해 만족스러웠고, 분위기와 서비스 모두 좋아 재방문 의사 있어요!"
31161142,도치피자 장충이탈리아음식,맛집,,,도치피자 말만 듣다가 처음 와봤는데 파스타도 너무 맛있고 피자는 도우가 쫀득하니 식감이 좋네요!
31161142,도치피자 장충이탈리아음식,맛집,,,동대 근처에서 먹을 일 있으면 여기로 또 올게요ദ്ദി ˉ͈̀꒳ˉ͈́ )✧
31161142,도치피자 장충이탈리아음식,맛집,,,동대문 근처에 볼 일이 있어서 데이트하면서 방문했어요~화덕 피자를 좋아하는데 화덕 피자 맛집을 발견한 것 같아서 기분이 좋네요~~~
31161142,도치피자 장충이탈리아음식,맛집,,,뜨겁게 화덕피자를 맛볼 수 있어서 좋아요. 파스타 면발 익기도 좋았습니다. 양 대비 가격은 제법 나가네요. 매콤한 크림파스타라 해서 기대했는데 미묘하게 된장술밥 맛이 나요ㅋㅋㅋ한식을 먹은 느낌...
31161142,도치피자 장충이탈리아음식,맛집,,,맛있다는 소문 듣고 예전부터 와보고 싶었던 곳인데 긴 연휴 중에 가족과 함께 방문했어요~ 듣던대로 너무 맛나고 원래 화덕 피자 애정하는 터라 정말 만족스럽게 먹었어요! 초등 아이도 너무 맛있다며 특히 프로슈또 피자 엄청 잘 먹네요. 피자 위에 올라간 채소까지 안남기고 싹 먹어서 더더욱 만족^^ 특히 재료가 신선해서 너무 좋았어요. 집에서 가까우니 앞으로 자주 방문할 듯 합니다.
31161142,도치피자 장충이탈리아음식,맛집,,,맛집이라해서 찾아왔어요. 토마토소스가 맛이 깊고 맛나요. 다른 곳에서 먹는 소스랑 정말 다릅니다. 아이랑 함께 순삭하고 갑니다. 잘 먹었어요^^
31161142,도치피자 장충이탈리아음식,맛집,,,명절이라 사람이 많지않아서 예약없이 입장이 가능하였습니다~마르게리따 피자 맛있었습니다~담에 기회되면 재방문할겁니다.
31161142,도치피자 장충이탈리아음식,맛집,,,분위기 아늑하고 가족모임 친목모임 데이트 장소로 좋아요 피자 너무 맛있어요
31161142,도치피자 장충이탈리아음식,맛집,,,새내기때 왔다가 오랜만에 방문했는데 역시 화덕피자 맛집이에요! 프로슈토 루꼴라 완전 싱싱하구 맛있어용 배달도 하시는 것 같던데 다음엔 배달로 시켜먹어보고 싶어요!
31161142,도치피자 장충이탈리아음식,맛집,,,아이가 후다닥 혼자 너무 맛있게 남기지 않고 잘 먹었습니다. 주문을 후다닥 하다 보니 피자 맛집이네요..담에는 피자 도전해보겠습니다
31161142,도치피자 장충이탈리아음식,맛집,,,여긴 가끔 오는 곳인데 피자 도우가 쫄깃하고 맛있습니다:) 피자는 꼭 드셔보세요~~ㄱ시저샐러드와 토마토베이스 파스타도 맛있게 먹었어요!!
31161142,도치피자 장충이탈리아음식,맛집,,,오일 파스타도 봉골레 같은 맛인데 해산물도 다양하구 좋았어요! 봉골레 대신 시켰는데 성공입니다 :) 다음에 또 먹으러 올래용💕🥰
31161142,도치피자 장충이탈리아음식,맛집,,,음식 다 성공했어요!! 서울 5대 화덕피자 맛집이라해서 방문했는데 대만족하고 가요 :)
31161142,도치피자 장충이탈리아음식,맛집,,,음식이 다 맛있어요!! 피자 두판 시킬걸그랬어요ㅎㅎ 아이들도 다 잘먹었답니다
31161142,도치피자 장충이탈리아음식,맛집,,,이미 여러번 재방문입니다. 음식은 말할것도 없이 너무 맛있습니다. 화덕피자가 쫄깃쫄깃 아주 맛있어서 한번씩 생각나는 맛이에요. 약간 아쉬웠던점은 먼저 방문한 저희는 2인테이블 앉게 하고 나중에 온 2명은 창가 4인석 테이블 주신게 조금 아쉽긴하네요 ㅎㅎㅎ 그래도 재방문 의사 있습니다 ㅎㅎ
31161142,도치피자 장충이탈리아음식,맛집,,,"장충동 나들이 왔다 들렸어요! 데이트할 때 자주 가던 곳이었는데, 아이들이 커서 아이들과 같이 오니 감회가 새롭더라고요 ㅎㅎ 오래된 맛집이고요! 피자가 정~말 맛있어요!!!! 도우가 진짜.. 👍🏻 항상 시키는 꽈트로 포르마지+감베리 크레마 조합으로 먹었어요. 다른 메뉴도 다 맛있어요!! 주차는 어려워서 근처 공영주차장에 하고 갔어요. 근처에 태극당 등 다양한 맛집이 많이 있어서 디저트 먹으러 가기도 좋아요 ㅎㅎ"
31161142,도치피자 장충이탈리아음식,맛집,,,"저녁에 방문예약 없이 이용대기 시간 바로 입장데이트, 가족모임연인・배우자, 친척・형제"
31161142,도치피자 장충이탈리아음식,맛집,,,저녁에 방문예약 없이 이용대기 시간 바로 입장데이트연인・배우자
31161142,도치피자 장충이탈리아음식,맛집,,,저녁에 방문예약 없이 이용대기 시간 바로 입장데이트친구
31161142,도치피자 장충이탈리아음식,맛집,,,"저녁에 방문예약 없이 이용대기 시간 바로 입장여행, 일상, 데이트연인・배우자"
31161142,도치피자 장충이탈리아음식,맛집,,,"저녁에 방문예약 없이 이용대기 시간 바로 입장친목, 여행연인・배우자"
31161142,도치피자 장충이탈리아음식,맛집,,,저녁에 방문예약 없이 이용대기 시간 바로 입장친목지인・동료
31161142,도치피자 장충이탈리아음식,맛집,,,저녁에 방문예약 없이 이용대기 시간 바로 입장친목친구
31161142,도치피자 장충이탈리아음식,맛집,,,점심에 방문예약 없이 이용대기 시간 10분 이내 데이트연인・배우자
31161142,도치피자 장충이탈리아음식,맛집,,,점심에 방문예약 없이 이용대기 시간 바로 입장가족모임아이
31161142,도치피자 장충이탈리아음식,맛집,,,점심에 방문예약 없이 이용대기 시간 바로 입장데이트연인・배우자
31161142,도치피자 장충이탈리아음식,맛집,,,점심에 방문예약 없이 이용대기 시간 바로 입장데이트연인・배우자
31161142,도치피자 장충이탈리아음식,맛집,,,점심에 방문예약 없이 이용대기 시간 바로 입장데이트연인・배우자
31161142,도치피자 장충이탈리아음식,맛집,,,점심에 방문예약 없이 이용대기 시간 바로 입장일상아이
31161142,도치피자 장충이탈리아음식,맛집,,,점심에 방문예약 없이 이용대기 시간 바로 입장친목친척・형제
31161142,도치피자 장충이탈리아음식,맛집,,,제대로 된 화덕피자 집 찾고있었는데 주변에 있을줄은 몰랐네요! 너무 맛있습니당 강추해요💕
31161142,도치피자 장충이탈리아음식,맛집,,,"주변에 왔다가 아이들과 점심먹을 만한 곳을 써칭하다가 왔어요. 아이들도 잘먹고, 맛있네요!"
31161142,도치피자 장충이탈리아음식,맛집,,,지난 번에 왔을 때 좋아서 두 번 째 방문했어요. 프리마베라 루꼴라 듬뿍에 치즈도 쭉 늘어나고 담백하고 맛있어요 ^^ 오르조 리조또와 감베리 파스타도 맛있게 먹었어요~ 평일 점심 시간 좋은 분들과 여유롭게 식사했습니다. ^^ 추천합니다.
31161142,도치피자 장충이탈리아음식,맛집,,,직원분들도 친절하시고 샐러드가 너무 신선하고 맛있었어요! 스타피자는 도우 끝에도 크림치즈가 들어있어서 도우도 맛있게 먹을 수 있었습니다~! 화덕피자 좋아하시면 정말 추천드려요!
31161142,도치피자 장충이탈리아음식,맛집,,,쫄깃한 피자에 맛있는 소스와치즈 한입먹어보니 으응 진실의 미간 바로 표현되는 곳입니다 아이랑 같이와도 친절하시고
31161142,도치피자 장충이탈리아음식,맛집,,,친구가 추천해서 방문했는데 분위기 좋고 맛도 좋아요. 웨이팅 조금 있었지만 조금 기다리고 들어왔어요. 평소 대기가 긴데 운좋았네요. 피자는 맛나요!!
31161142,도치피자 장충이탈리아음식,맛집,,,토핑이 신선하고 골고루 올라가 있어서 한 입마다 맛이 꽉 찼어요.
31161142,도치피자 장충이탈리아음식,맛집,,,파스타도 살짝 매콤한 향이 스치면서 느끼하지 않고 맛있습니다~!!
31161142,도치피자 장충이탈리아음식,맛집,,,"화덕피자가 먹고싶어서 방문했는데, 역시 너무 맛있네요^^ 분위기도 너무 아늑해서 좋아요 추천합니다^^"
31161142,도치피자 장충이탈리아음식,맛집,,,화덕피자라서 굳이찾아와서 먹습니다 !!!
31161142,도치피자 장충이탈리아음식,맛집,,,화덕피자라서 맛있어요! ㅎㅎ 빵이 쫄깃쫄깃하고 파스타랑도 잘 어울려요~
1612889716,동래복국 종로 본점,맛집,,,가격 생각하면 까치복 메뉴가 푸짐하게 느껴졌어요. 복어 살이 입에 담을 때마다 부드러운 질감이 확실해서 식사 내내 그 맛에 집중하게 되더라고요. 다 먹고 나니 든든하게 배가 차고 속이 편안해서 기분 좋게 마무리됐어요.
1612889716,동래복국 종로 본점,맛집,,,까치복매운탕 얼큰하고 감칠맛 가득해서 밥도둑이 따로 없습니다.
1612889716,동래복국 종로 본점,맛집,,,까치복지리 국물에서 감칠맛이 확 올라오고 복어살은 부드러워요
1612889716,동래복국 종로 본점,맛집,,,남은 국물은 포장 요청하니 깔끔하게 챙겨주셔서 집에서도 한 번 더 즐길 수 있었어요.
1612889716,동래복국 종로 본점,맛집,,,"동대문(흥인지문) 근처에 있는 24시간 복집입니다. 유명한 맛집이에요. 3층까지 있어 자리 여유있고, 굉장히 친절하십니다. 복지리/탕, 민어탕(여름철) 모두 가능한데, 생복지리/탕이 나오는 정식(1인 49,000원)으로 주문했더니 물회를 서비스로 주셨습니다. 복튀김도 정말 맛있고, 탕은 당연히 최상급맛이었습니다. 복불고기도 괜찮았네요. 추천 !"
1612889716,동래복국 종로 본점,맛집,,,"많은 분들이 복지리를 드셨는데, 역시 복지리가 시원하고 맛있었습니다. 서비스로 나온 물회도 더워서인지 새콤달콤한 소스랑 아삭아삭한 야채와 회가 입맛을 돋우며 정말 맛있었습니다."
1612889716,동래복국 종로 본점,맛집,,,매운탕의 얼큰한 맛이 자극적이지 않아 부담 없이 끝까지 즐길 수 있었습니다. 국물이 식어도 맛이 유지되는 점이 인상적입니다.
1612889716,동래복국 종로 본점,맛집,,,메뉴별 가격이 확실히 나뉘어서 취향이나 예산에 맞게 고를 수 있었어요.
1612889716,동래복국 종로 본점,맛집,,,물회는 새콤달콤하고 야채 아삭해서 계속 리필하고 싶을 만큼 맛있었어요
1612889716,동래복국 종로 본점,맛집,,,반찬 구성도 다양해서 이것저것 곁들여 먹는 재미가 있어요 ㅋㅋ
1612889716,동래복국 종로 본점,맛집,,,"반찬으로 나온 새콤미나리복무침, 갓김치, 오징어젖갈, 배추김치, 순두부!"
1612889716,동래복국 종로 본점,맛집,,,반찬이 다양하게 나와서 이것저것 곁들여 먹는 재미가 있었어요. 복어 요리에서 특유의 향이 은근히 느껴져서 한 숟가락씩 천천히 음미하게 됐네요. 먹고 나니 입안이 깔끔하게 정리되는 느낌이 오래 남았어요.
1612889716,동래복국 종로 본점,맛집,,,복국 감칠맛이 풍부해서 밥 한 공기 뚝딱 했습니다. 맛과 친절 보장!
1612889716,동래복국 종로 본점,맛집,,,복국 한 그릇으로 충분히 든든하게 식사할 수 있었습니다. 자극적인 양념이 없어 아이들과 함께 오기에도 적당하겠습니다.
1612889716,동래복국 종로 본점,맛집,,,복어의 참맛을 느끼게 해주는 동래복국! 다른 복요리도 꼭 먹어볼게요.
1612889716,동래복국 종로 본점,맛집,,,복어의 참맛을 느끼게 해주는 최고의 요리와 최상의 서비스 인정!!!
1612889716,동래복국 종로 본점,맛집,,,복요리 국물은 은근한 감칠맛이 살아있어 속이 편해지는 느낌이었어요
1612889716,동래복국 종로 본점,맛집,,,"복지리랑 매운탕 모두 뜨거운 온도가 끝까지 잘 유지돼서 식사하는 내내 만족스러웠고,"
1612889716,동래복국 종로 본점,맛집,,,부드럽게 속을 달래주는 깔끔하고 시원한 국물과 쫄깃 부드러운 복어. 😋 반찬으로 나오는 복어껍질도 맛있어요. 👍🏻
1612889716,동래복국 종로 본점,맛집,,,비린내가 전혀 나지않고 미나리향도 좋고 국물맛이 진하고 담백하니 정말 보신하는것 같아요.
1612889716,동래복국 종로 본점,맛집,,,생복지리 국물이 맑으면서도 깊어서 속이 편안하게 풀립니다. 깔끔한 맛 덕분에 부모님 모시고 오기에도 적합한 집입니다.
1612889716,동래복국 종로 본점,맛집,,,생복지리 시원함이 일품! 복어 살이 부드러워 먹기 편했습니다.
1612889716,동래복국 종로 본점,맛집,,,생복지리는 끝까지 따뜻하고 복어살이 깔끔하게 손질돼 있어서 먹기 편했어요
1612889716,동래복국 종로 본점,맛집,,,생복지리의 국물이 뒷맛이 깔끔해 식후에도 속이 전혀 부담스럽지 않았습니다. 식기류도 청결하게 관리되어 신뢰가 갔습니다.
1612889716,동래복국 종로 본점,맛집,,,서비스가 친절하고 음식 온도도 끝까지 잘 유지돼서 만족스러웠어요
1612889716,동래복국 종로 본점,맛집,,,얼큰한 국물 속에 감칠맛이 살아있어 계속 숟가락이 갔어요
1612889716,동래복국 종로 본점,맛집,,,오가다 한번 들러야지 했는데 오늘 드뎌 방문했어요 민어지리탕 깔끔하고 시원하니 맛있어요 어르신들이 많이 오셨네요
1612889716,동래복국 종로 본점,맛집,,,"음식이 따뜻하게 나와서 먹기 좋았고, 각각의 복어살이 부드러워 젓가락 쥘 때 느낌이 달랐습니다."
1612889716,동래복국 종로 본점,맛집,,,저녁에 방문예약 없이 이용대기 시간 10분 이내 여행아이
1612889716,동래복국 종로 본점,맛집,,,저녁에 방문예약 없이 이용대기 시간 10분 이내 일상혼자
1612889716,동래복국 종로 본점,맛집,,,저녁에 방문예약 없이 이용대기 시간 30분 이내기념일연인・배우자
1612889716,동래복국 종로 본점,맛집,,,"저녁에 방문예약 없이 이용대기 시간 바로 입장여행, 나들이부모님"
1612889716,동래복국 종로 본점,맛집,,,저녁에 방문예약 없이 이용대기 시간 바로 입장친목지인・동료
1612889716,동래복국 종로 본점,맛집,,,저녁에 방문예약 없이 이용대기 시간 바로 입장회식친구
1612889716,동래복국 종로 본점,맛집,,,점심에 방문예약 없이 이용대기 시간 10분 이내 데이트연인・배우자
1612889716,동래복국 종로 본점,맛집,,,"점심에 방문예약 없이 이용대기 시간 30분 이내데이트, 기념일부모님"
1612889716,동래복국 종로 본점,맛집,,,"점심에 방문예약 없이 이용대기 시간 바로 입장가족모임아이, 친척・형제"
1612889716,동래복국 종로 본점,맛집,,,"점심에 방문예약 없이 이용대기 시간 바로 입장데이트, 나들이연인・배우자"
1612889716,동래복국 종로 본점,맛집,,,점심에 방문예약 없이 이용대기 시간 바로 입장일상친구
1612889716,동래복국 종로 본점,맛집,,,점심에 방문예약 없이 이용대기 시간 바로 입장일상친구
1612889716,동래복국 종로 본점,맛집,,,"점심에 방문예약 후 이용대기 시간 바로 입장여행연인・배우자, 친구"
1612889716,동래복국 종로 본점,맛집,,,"점심에 방문예약 후 이용대기 시간 바로 입장친목친척・형제, 지인・동료"
1612889716,동래복국 종로 본점,맛집,,,주문할 때 메뉴가 한눈에 들어와서 빠르게 선택할 수 있었어요. 음식 나오는 속도도 빨라서 테이블에 앉아 오래 기다리지 않아 좋았네요. 결제 후 직원분이 밝게 인사해주셔서 기분 좋게 식사 마무리했습니다.
1612889716,동래복국 종로 본점,맛집,,,직원분들 응대가 너무 친절해서 단골이 될 수밖에 없는 따뜻한 집이네요. 서비스 최고^^.
1612889716,동래복국 종로 본점,맛집,,,직원분들 응대가 따뜻해서 손님을 대접하는 마음이 느껴집니다. 최고입니다.
1612889716,동래복국 종로 본점,맛집,,,직원분들 친절하고 매장 쾌적해서 또 오고 싶은 편안한 곳입니다.
1612889716,동래복국 종로 본점,맛집,,,친절한 직원들 덕분에 식사 내내 기분이 좋았습니다. 최상의 서비스 감동입니다.
1612889716,동래복국 종로 본점,맛집,,,한 숟가락 떠먹을 때마다 속이 정리되는 느낌이라 식사 후에도 가벼워요
1612889716,동래복국 종로 본점,맛집,,,"환절기라 감기 걸리기 쉬운 계절에 생각나는 음식점. 민어회, 복어불고기, 튀김, 생복지리 그리고 죽이 나오는 정식 주문. 몸이 건강해지는 느낌. 나이 드신 분들도 많이 방문하시는 동대문 찐 맛집♡"
1060089530,러시아케익베이커리,맛집,,,ᴍ ᴇ ɴ ᴜ 메도빅꿀케익(7500) + 나폴레옹(7500) + 아아(4500) + 블랙티(3500) //
1060089530,러시아케익베이커리,맛집,,,ᴍ ᴇ ɴ ᴜ 메도빅꿀케익(7500) + 나폴레옹(7500) + 아아(4500) + 블랙티(3500) //
1060089530,러시아케익베이커리,맛집,,,궁금해서 들어가본 카페인데 너무 맛있었습니다. 케잌종류가 너무 다양해서 재미있었고 맛있었습니다.
1060089530,러시아케익베이커리,맛집,,,그리고 이번에 동대문에 갈 일이 있어서 방문했습니다!!! 닫히기 직전에 갔어서 케이크들이 많이 없었지만 제가 원하던 꿀케이크들은 있었어요!! 초코는 첨인데 ㄹㅇ 진짜 맛있어요 적당히 단데 초코맛은 제대로! 사장님께 여기 케이크가 맛있다는 이 말을 전해드릴 수 있어서 정말 행복했고 쿠키도 정말 맛있었어요 저는 특히 초코 없는 기본 친구가 좋았어요! 은은하게 어떤 맛이 나는데 음.. 진짜 좋았어요!! 담에 가면 저 쿠키 여러개 사고 싶네요! 당시에 주신 친절에 순간 뇌정지가 와서 바로 말씀드리지 못 했지만 정말 감사했습니다 담에 또
1060089530,러시아케익베이커리,맛집,,,그리고 이번에 동대문에 갈 일이 있어서 방문했습니다!!! 닫히기 직전에 갔어서 케이크들이 많이 없었지만 제가 원하던 꿀케이크들은 있었어요!! 초코는 첨인데 ㄹㅇ 진짜 맛있어요 적당히 단데 초코맛은 제대로! 사장님께 여기 케이크가 맛있다는 이 말을 전해드릴 수 있어서 정말 행복했고 쿠키도 정말 맛있었어요 저는 특히 초코 없는 기본 친구가 좋았어요! 은은하게 어떤 맛이 나는데 음.. 진짜 좋았어요!! 담에 가면 저 쿠키 여러개 사고 싶네요! 당시에 주신 친절에 순간 뇌정지가 와서 바로 말씀드리지 못 했지만 정말 감사했습니다 담에 또
1060089530,러시아케익베이커리,맛집,,,근데 예전엔 사람 없었는데 웨이팅 생김ㅜ 그래도 자리 금방 빠져용ㅎㅎ 그리고 카페 앞에 달달고소 냄새 쥑임.. 이 냄새 맡으면 안 들어오고 못 배김ㄹㅇ
1060089530,러시아케익베이커리,맛집,,,근데 예전엔 사람 없었는데 웨이팅 생김ㅜ 그래도 자리 금방 빠져용ㅎㅎ 그리고 카페 앞에 달달고소 냄새 쥑임.. 이 냄새 맡으면 안 들어오고 못 배김ㄹㅇ
1060089530,러시아케익베이커리,맛집,,,꿀케이크가 대표 메뉴인 것 같아서 사려다가 살짝 틀어 사워베리크림 꿀케이크 샀는데 완전 존맛탱... 비주얼이랑 다르게 미친 맛이 납니다... 웨이팅 있다고 해서 걱정했는데 오후 12시쯤?? 갔을 때 매장 안에도 손님 별루 없고 포장 줄도 없었어용!!
1060089530,러시아케익베이커리,맛집,,,나폴레옹은 달지않고 식감은 약간 빵에 더가깝고 안물리는 맛?이었고 의외로 머랭롤이 대박맛났어요.
1060089530,러시아케익베이커리,맛집,,,"다른 곳에서 먹은 말렌카꿀케이크랑 맛 자체가 다르네요, 층층이 쌓인 케이크를 포크로 누르니 부드럽게 분리되고 꿀의 단맛이 샤워크림의 산미가 잘 잡아줘요. 나폴레옹도 층층이 쌓인 단면에 식감이 꿀케이크와는 또 다르네요, 부드러운 맛이 장점이에요. 먹기 전에는 케이크 가격이 비싸다고 생각했는데, 맛보는 순간 가격에 대한 생각이 사라지고 또 먹으러 와야 겠다고 바뀌게 됐네요. 생활의 달인에 나온거 같은데 정말 달인이에요~"
1060089530,러시아케익베이커리,맛집,,,동대문 가면 방문하는곳이예요 케이크 맛있고 직원분들도 친절하세요
1060089530,러시아케익베이커리,맛집,,,"동대문 올 때마다 꼭 들르는 러시아 케이크 맛집이에요! 🎂 생활의 달인에 나온 모로즈 이리나님이 직접 만든 케이크인데, 진짜 정성이 느껴져요. 꿀케이크는 촉촉하고 달지 않아 부담 없고, 나폴레옹은 바삭한 결이 살아 있어요. 🍯 사워크림 꿀케이크도 일반 꿀케이크만큼 맛있고 부드러워요. 🤍 러시아 디저트가 이렇게 맛있을 줄 몰랐어요! 계속 생각나는 맛이라 재방문 필수예요. 🥄💛"
1060089530,러시아케익베이커리,맛집,,,러시아에서 먹는 것보다 더 맛있는 러시아케잌점
1060089530,러시아케익베이커리,맛집,,,맛있어서 좋았어요 머랭 롤(?) 먹었는데 어ㅓㅓ엄청 달지만 어디서도 맛 보지 못했던 케이크라 신기해하며 먹었습니다~!
1060089530,러시아케익베이커리,맛집,,,맛있어서 좋았어요 머랭 롤(?) 먹었는데 어ㅓㅓ엄청 달지만 어디서도 맛 보지 못했던 케이크라 신기해하며 먹었습니다~!
1060089530,러시아케익베이커리,맛집,,,메도빅 사워크림 라즈베리 새콤하면서 답니다. 처음에는 새콤한 맛에 마구마구 들어가네요. 저는 나폴레옹 케이크 보다는 메도빅 사워크림 라즈베리 추천입니다!
1060089530,러시아케익베이커리,맛집,,,메도빅 사워크림 라즈베리 새콤하면서 답니다. 처음에는 새콤한 맛에 마구마구 들어가네요. 저는 나폴레옹 케이크 보다는 메도빅 사워크림 라즈베리 추천입니다!
1060089530,러시아케익베이커리,맛집,,,메도빅꿀케이크 맛있어요! 케익시트가 굉장히 특이합니다. 빵아니라 쿠키압축한거같은느낌에 안달아서 더 좋아요. 은근히 디저트같지않고 배가 부릅니다.
1060089530,러시아케익베이커리,맛집,,,몇년전 체코에서 먹었던 꿀케이크가 너무너무 생각나서 다시 유럽여행 가야하나 싶다가 우연히 러시이케익을 알게 됐어요!! 알고보니 꿀케이크가 동유럽 러시아 등지에서 다 먹는 음식이었던 것이었습니다. 한시간 걸려 찾아가 포장해왔는데 체코에서 먹던 맛과 비슷해요!!! 맛있게 먹었습니다❤️
1060089530,러시아케익베이커리,맛집,,,사람 적은 시간에 방문해서 대기 없이 주문&매장 이용 가능했습니다
1060089530,러시아케익베이커리,맛집,,,사워크림 시큼한 이상한 맛일까 생각했는데 요거트맛이네요! 맛있어요!!!
1060089530,러시아케익베이커리,맛집,,,사워크림 시큼한 이상한 맛일까 생각했는데 요거트맛이네요! 맛있어요!!!
1060089530,러시아케익베이커리,맛집,,,서뷰위로 ddp갔는데 어디서 추천하는 글보고 후기도 괜찮길래 러시아케이크가 궁금해져서 방문했어요 맛있어요 좌선간격이 조금 타이트한 편이긴하지만 케이크맛있어요 생크림아니고 크림치즈같은?
1060089530,러시아케익베이커리,맛집,,,서울에 갈때 자주가는 단골 케이크집으로 7월에 전화로 8월 5일로 예약 했으며 작년에 이어 여름 휴가때 서울 당일치기 여행때 저녁 6시에 가게로 가서 메도빅을 결제하고 챙겨갔습니다 시간이 없어서 포장만 했지만 다음 서울 당일치기 여행때 메도빅 케이크에 블랙 커피 한잔 해야겠네요 그리고 사장님과 직원분들도 한국어를 유창하게 잘하시고 대응도 잘하시는 등 친절하십니다 ㅅㅡㅅ
1060089530,러시아케익베이커리,맛집,,,옆자리의 외국인 아저씨의 추천 손! 센스가 좋으심 ㅋㅋㅋ
1060089530,러시아케익베이커리,맛집,,,"예전부터 방문하고 싶었는데 오픈시간에 딱 맞춰가니까 사람도 하나도 없고, 케이크도 잔뜩 있더라구요."
1060089530,러시아케익베이커리,맛집,,,예전부터 와보고 싶었던곳이라 기대~~맛은 썩 기대만큼은 아니더라구요 ㅋㅋ 그냥 평범한 촉촉한 케익이였습니다!
1060089530,러시아케익베이커리,맛집,,,"왕 러시아 케이크는 처음이라 리뷰 꼼꼼하게 읽고 갔어요 ^.^ 동대문 근처에 외국 음식점들 많은데 러시아 케이크 ?!는 처음 봐서 신기했어요 ! 개인적으로 차이코프스키 먹으면 궁전으로 갈 수도 있어,,~🤤💖 화이트초콜릿이랑 크림치즈였을까요 대박 맛있음요. 꿀케이크는 사워베리로 먹었는데 말렌카 꿀케이크에 새콤달콤이 들어간 맛 ?! 갠적으로는 차이코프스키? (대충 무슨 -스키 였음) 우걱우걱 먹고 싶네요 냠냠"
1060089530,러시아케익베이커리,맛집,,,"외국인 직원분들인데 한국어 다 가능하시고, 사장님은 친절하셨어요. 내부가 다소 협소한 편이라 주말 기준 웨이팅 4-5팀 있었습니다. 1시간 이내 이용시간 제한 있어서 회전율은 높을지도 모르겠어용! 저희는 포장해와서 먹었어요"
1060089530,러시아케익베이커리,맛집,,,저녁에 방문예약 없이 이용대기 시간 바로 입장데이트연인・배우자
1060089530,러시아케익베이커리,맛집,,,"적당히 이국적이고 생각보다 낯설지 않은 맛의 케이크를 원한다면 방문할 만한 곳으로, 매장이 협소해 테이크아웃도 나쁘지 않을 듯하다. 밀크티가 과하게 달지 않아 케이크와 같이 먹기 좋은 것도 기억에 남는다 :)"
1060089530,러시아케익베이커리,맛집,,,점심에 방문예약 없이 이용대기 시간 30분 이내데이트연인・배우자
1060089530,러시아케익베이커리,맛집,,,점심에 방문예약 없이 이용대기 시간 바로 입장데이트연인・배우자
1060089530,러시아케익베이커리,맛집,,,점심에 방문예약 없이 이용대기 시간 바로 입장데이트연인・배우자
1060089530,러시아케익베이커리,맛집,,,점심에 방문예약 없이 이용대기 시간 바로 입장데이트연인・배우자
1060089530,러시아케익베이커리,맛집,,,점심에 방문예약 없이 이용대기 시간 바로 입장데이트연인・배우자
1060089530,러시아케익베이커리,맛집,,,점심에 방문예약 없이 이용대기 시간 바로 입장데이트연인・배우자
1060089530,러시아케익베이커리,맛집,,,"점심에 방문예약 없이 이용대기 시간 바로 입장일상, 여행친구"
1060089530,러시아케익베이커리,맛집,,,"점심에 방문예약 없이 이용대기 시간 바로 입장일상, 여행친구"
1060089530,러시아케익베이커리,맛집,,,점심에 방문예약 없이 이용대기 시간 바로 입장일상혼자
1060089530,러시아케익베이커리,맛집,,,점심에 방문예약 없이 이용대기 시간 바로 입장일상혼자
1060089530,러시아케익베이커리,맛집,,,점심에 방문포장·배달 이용대기 시간 바로 입장일상혼자
1060089530,러시아케익베이커리,맛집,,,주말에는 웨이팅 있어요! 케이크 달지않고 맛있어요
1060089530,러시아케익베이커리,맛집,,,주말에는 웨이팅 있어요! 케이크 달지않고 맛있어요
1060089530,러시아케익베이커리,맛집,,,"처음 갔을 때 나폴레옹에 매료된 바 있어 이번에도 그거랑, 메도빅 꿀 케이크 초코맛 궁금하여 추가했네요. 마실 것은 라떼 아이스로 했는데 라떼는 안 달아서 꿀케이크랑 적격이었구요! 케익들도 다 맛 좋았습니다. 직원분 친절하고, 만족한 시간 보내고 갑니다^^"
1060089530,러시아케익베이커리,맛집,,,초코러버지만 이 케이크는 단연코 오리지널 드십시오!! 초코로 먹으면 이 케이크의 맛의장점이 가려져서 별로라고 생각될수도있어요!!
1060089530,러시아케익베이커리,맛집,,,"커피도 좋지만, 허브티나 밀크티와 상당히 잘 어울립니다."
1060089530,러시아케익베이커리,맛집,,,테이블은 2인석 8개쯤? 러시아케잌 맛있다고 들어서 갔는데 진짜 존맛이네요;;; 살짝 배부른 상태라 하나 시켰다가 넘 맛있어서 하나 더 시킴;;; 1인 1케잌 하는 이유를 알겟삼
1060089530,러시아케익베이커리,맛집,,,포장 받고 리뷰 쓰느라 잠깐 앉아있는데 녹는다고 냉장고에 보관해줄까요? 라고 사장님이 물으시네요.
1060089530,러시아케익베이커리,맛집,,,한번 와보고싶어 벼르다 동대문 올일 있어서 방문했어요. 프라하 케이크 많이 달지않고 맛있네요. 그리고 나폴레옹케이크가 엄청 맛있어요!
1266721308,맘스터치LAB DDP점,맛집,,,[블루 아카이브] 맛의 종점 버거세트+스페셜 굿즈
1266721308,맘스터치LAB DDP점,맛집,,,[블루 아카이브] 맛의 종점 버거세트+스페셜 굿즈
1266721308,맘스터치LAB DDP점,맛집,,,[블루 아카이브] 미각 특급 버거세트+스페셜 굿즈
1266721308,맘스터치LAB DDP점,맛집,,,그래도 회전율이 좋아서 금방 자리 앉아서 또 갓 만든 햄벅이라 뜨끈할때 냠냠하니 맛좋아요~
1266721308,맘스터치LAB DDP점,맛집,,,떡강정이 하루정도 밖에 둔것처럼 딱딱하고 매말라있던거 빼곤 맛있었어요
1266721308,맘스터치LAB DDP점,맛집,,,룰렛이벤트로 띠부실나왔엇는데 굿즈 교환하시는 분이 있어서 서로 교환하는 재미도 있었네요.
1266721308,맘스터치LAB DDP점,맛집,,,룰렛이벤트로 띠부실나왔엇는데 굿즈 교환하시는 분이 있어서 서로 교환하는 재미도 있었네요.
1266721308,맘스터치LAB DDP점,맛집,,,"매장 알바가 본인확인 철저히 안함, 본인 아니여도 입장 가능. 가게 청소상태 엉망. 알바가 불친절."
1266721308,맘스터치LAB DDP점,맛집,,,메뉴 구성도 좋고 기념품도 좋았네요 앞으로도 넥슨측에서 참신한 구성으로 콜라보 했으면 좋겠어요
1266721308,맘스터치LAB DDP점,맛집,,,"에드워드 리 비프버거! 치즈스틱, 커피로 변경하고 코울슬로 추가요~ 다른 데보다 코울슬로 양이 더 푸짐한 거 같다. 가격은 1900원이라..가격은 비슷한가? 아무튼 코울슬로 비닐 뜯는 게 좀 힘겨움😅 치즈스틱은 합격! 버거도 소스의 풍미가 좋음(근데 버거 자주 안 먹는 사람임..) 에드워드 리 싸이버거가 더 맛있다는 평이 많던데 담엔 그거 먹어볼 생각~"
1266721308,맘스터치LAB DDP점,맛집,,,"에드워드 리 비프버거! 치즈스틱, 커피로 변경하고 코울슬로 추가요~ 다른 데보다 코울슬로 양이 더 푸짐한 거 같다. 가격은 1900원이라..가격은 비슷한가? 아무튼 코울슬로 비닐 뜯는 게 좀 힘겨움😅 치즈스틱은 합격! 버거도 소스의 풍미가 좋음(근데 버거 자주 안 먹는 사람임..) 에드워드 리 싸이버거가 더 맛있다는 평이 많던데 담엔 그거 먹어볼 생각~"
1266721308,맘스터치LAB DDP점,맛집,,,에드워드리 비프버거 세트로 먹었는데 불맛 살짝 나는 비프라서 맛있게 먹었어요
1266721308,맘스터치LAB DDP점,맛집,,,예약인원 외 다른 손님은 받지 않으셔서 매장 내 자리도 많았습니다 !
1266721308,맘스터치LAB DDP점,맛집,,,오늘은 패션위크였는지 사람들이 엄청 몰려 40분정도 대기하고 먹었어요 미리 늦을거같다는 양해한다는 말도 일절 없어 아쉬웠어요 햄버거는 맛있어요
1266721308,맘스터치LAB DDP점,맛집,,,저녁에 방문예약 없이 이용대기 시간 30분 이내혼자
1266721308,맘스터치LAB DDP점,맛집,,,저녁에 방문예약 없이 이용대기 시간 30분 이내혼자
1266721308,맘스터치LAB DDP점,맛집,,,저녁에 방문예약 없이 이용대기 시간 바로 입장데이트연인・배우자
1266721308,맘스터치LAB DDP점,맛집,,,"저녁에 방문예약 없이 이용대기 시간 바로 입장일상, 여행혼자, 친구"
1266721308,맘스터치LAB DDP점,맛집,,,"저녁에 방문예약 후 이용대기 시간 10분 이내 데이트부모님, 기타"
1266721308,맘스터치LAB DDP점,맛집,,,저녁에 방문예약 후 이용대기 시간 30분 이내기념일혼자
1266721308,맘스터치LAB DDP점,맛집,,,저녁에 방문예약 후 이용대기 시간 바로 입장나들이혼자
1266721308,맘스터치LAB DDP점,맛집,,,저녁에 방문예약 후 이용대기 시간 바로 입장일상친구
1266721308,맘스터치LAB DDP점,맛집,,,"저녁에 방문예약 후 이용대기 시간 바로 입장친목, 일상친구"
1266721308,맘스터치LAB DDP점,맛집,,,점심에 방문예약 없이 이용대기 시간 바로 입장
1266721308,맘스터치LAB DDP점,맛집,,,점심에 방문예약 없이 이용대기 시간 바로 입장나들이아이
1266721308,맘스터치LAB DDP점,맛집,,,점심에 방문예약 없이 이용대기 시간 바로 입장나들이아이
1266721308,맘스터치LAB DDP점,맛집,,,점심에 방문예약 없이 이용대기 시간 바로 입장나들이아이
1266721308,맘스터치LAB DDP점,맛집,,,점심에 방문예약 없이 이용대기 시간 바로 입장일상연인・배우자
1266721308,맘스터치LAB DDP점,맛집,,,점심에 방문예약 없이 이용대기 시간 바로 입장일상혼자
1266721308,맘스터치LAB DDP점,맛집,,,점심에 방문예약 없이 이용대기 시간 바로 입장일상혼자
1266721308,맘스터치LAB DDP점,맛집,,,점심에 방문예약 없이 이용대기 시간 바로 입장일상혼자
1266721308,맘스터치LAB DDP점,맛집,,,점심에 방문예약 없이 이용대기 시간 바로 입장일상혼자
1266721308,맘스터치LAB DDP점,맛집,,,점심에 방문예약 없이 이용대기 시간 바로 입장일상혼자
1266721308,맘스터치LAB DDP점,맛집,,,점심에 방문예약 없이 이용대기 시간 바로 입장친목지인・동료
1266721308,맘스터치LAB DDP점,맛집,,,점심에 방문예약 후 이용대기 시간 10분 이내 나들이혼자
1266721308,맘스터치LAB DDP점,맛집,,,점심에 방문예약 후 이용대기 시간 10분 이내 나들이혼자
1266721308,맘스터치LAB DDP점,맛집,,,점심에 방문예약 후 이용대기 시간 10분 이내 일상혼자
1266721308,맘스터치LAB DDP점,맛집,,,점심에 방문예약 후 이용대기 시간 10분 이내 일상혼자
1266721308,맘스터치LAB DDP점,맛집,,,점심에 방문예약 후 이용대기 시간 바로 입장일상혼자
1266721308,맘스터치LAB DDP점,맛집,,,점심에 방문예약 후 이용대기 시간 바로 입장일상혼자
1266721308,맘스터치LAB DDP점,맛집,,,점심에 방문예약 후 이용대기 시간 바로 입장일상혼자
1266721308,맘스터치LAB DDP점,맛집,,,"점심에 방문예약 후 이용대기 시간 바로 입장친목, 나들이혼자"
1266721308,맘스터치LAB DDP점,맛집,,,점심에 방문예약 후 이용대기 시간 바로 입장친목친구
1266721308,맘스터치LAB DDP점,맛집,,,철도가키들 좋아해서 반차내고 오후에 방문했는데 매장도 깔끔하고 잘 꾸며져있어서 좋았습니다
1266721308,맘스터치LAB DDP점,맛집,,,특히 싸이같이 자주시키는건 더 심하길래 일부러 휠렛을 시켰는데 당연히 잘 나온줄 알고 또 식어서 나왔길래 그냥 빨리먹고 가야겠다라고 생각하고 먹었다
1266721308,맘스터치LAB DDP점,맛집,,,"패션위크때 오면, 가까운곳에 가볍게 식사할곳이 언뜻 떠오르지 않았는데, 행사장에서 가까운 위치에 맘스터치가 있어서, 만족스럽습니다. 선호하는 패스트풋점이거든요. 한라봉싸이버거세트를 먹기전 사진을 안담아서, 매장 천장을 살짝 담았습니다. 매장이 넓고, 에어컨이 시원합니다."
1266721308,맘스터치LAB DDP점,맛집,,,포장해왔는데 싸이버거 내부 양상추 상태가 너무 품질이 떨어지네요 행사로 많이 바쁜건 알겠는데 이건 먹기에 너무 기분 나쁘네요
1266721308,맘스터치LAB DDP점,맛집,,,한라봉 잼이 좀 적긴 하지만 마요네즈와 조합이 맛있어요
1266721308,맘스터치LAB DDP점,맛집,,,한라봉떡강정 먹어봤는데요 소스는 맛있는데 닭튀김이 너무 딱딱했어요
1266721308,맘스터치LAB DDP점,맛집,,,한라봉떡강정 먹어봤는데요 소스는 맛있는데 닭튀김이 너무 딱딱했어요
122143279,올댓피자,맛집,,,24시간 영업이라 아무때나 와도 먹을수있으니까 그것도 좋네여 담엔 피맥하러올게요 ~~
122143279,올댓피자,맛집,,,24시간 영업이라 아무때나 와도 먹을수있으니까 그것도 좋네여 담엔 피맥하러올게요 ~~
122143279,올댓피자,맛집,,,24시간 운영한다는 신당 피맥맛집이건만 낮에 다녀왔네요. 트렌디하고 새로운 메뉴들이 매일같이 나오는 요즘 세상 가장 클래식하면서도 맛좋은 피자를 먹기를 원한다면 무조건 추천입니다!
122143279,올댓피자,맛집,,,24시간 운영한다는 신당 피맥맛집이건만 낮에 다녀왔네요. 트렌디하고 새로운 메뉴들이 매일같이 나오는 요즘 세상 가장 클래식하면서도 맛좋은 피자를 먹기를 원한다면 무조건 추천입니다!
122143279,올댓피자,맛집,,,24시라 늦게 먹기 좋고 맛있어요! 도우가 두껍지않고 담백해요~ 디핑소스도 3종류 다 맛있고 피자 주문시 사이드 메뉴 한가지 무료로 주는것도 아주 맘에들어요~ 굿굿
122143279,올댓피자,맛집,,,24시라 늦게 먹기 좋고 맛있어요! 도우가 두껍지않고 담백해요~ 디핑소스도 3종류 다 맛있고 피자 주문시 사이드 메뉴 한가지 무료로 주는것도 아주 맘에들어요~ 굿굿
122143279,올댓피자,맛집,,,근처에 늦게까지 하는 곳이 없어서 우연히 들른 곳인데 생각보다 괜찮았어요
122143279,올댓피자,맛집,,,근처에 늦게까지 하는 곳이 없어서 우연히 들른 곳인데 생각보다 괜찮았어요
122143279,올댓피자,맛집,,,다 좋았는데.. 피자에서 사람 털이.. 나왔어요 ㅠㅠ 머리카락인 줄 알았으나 주방사분께선 머리가 짧으신거 같아서 겨드랑이털 일 것 같네요 ㅠㅠ 죄송하다고 서비스로 콜라 주시긴 하셨는데.. 속상하네요ㅜㅜ
122143279,올댓피자,맛집,,,다 좋았는데.. 피자에서 사람 털이.. 나왔어요 ㅠㅠ 머리카락인 줄 알았으나 주방사분께선 머리가 짧으신거 같아서 겨드랑이털 일 것 같네요 ㅠㅠ 죄송하다고 서비스로 콜라 주시긴 하셨는데.. 속상하네요ㅜㅜ
122143279,올댓피자,맛집,,,"동네 살고 있는데, 올댓피자는 주문으로만 먹다가 방문해서 처음 먹었네요. 와이프와 지인들과 갔는데 정말 만족했습니다."
122143279,올댓피자,맛집,,,"동네 살고 있는데, 올댓피자는 주문으로만 먹다가 방문해서 처음 먹었네요. 와이프와 지인들과 갔는데 정말 만족했습니다."
122143279,올댓피자,맛집,,,"리뷰 1,022사진 519팔로워 26"
122143279,올댓피자,맛집,,,"리뷰 1,022사진 519팔로워 26"
122143279,올댓피자,맛집,,,"맛은 일반 체인점 피자랑 누군가는 비슷하게, 누군가는 조금 더 괜찮다고 느낄 수 있어요. 불닭피자 개인적으로 너무 맛있게 먹었습니다."
122143279,올댓피자,맛집,,,"맛은 일반 체인점 피자랑 누군가는 비슷하게, 누군가는 조금 더 괜찮다고 느낄 수 있어요. 불닭피자 개인적으로 너무 맛있게 먹었습니다."
122143279,올댓피자,맛집,,,밤에 방문예약 없이 이용대기 시간 바로 입장친목친구
122143279,올댓피자,맛집,,,밤에 방문예약 없이 이용대기 시간 바로 입장친목친구
122143279,올댓피자,맛집,,,밤에 방문예약 없이 이용대기 시간 바로 입장친목친구
122143279,올댓피자,맛집,,,밤에 방문예약 없이 이용대기 시간 바로 입장친목친구
122143279,올댓피자,맛집,,,밤에 방문예약 없이 이용대기 시간 바로 입장친목친구
122143279,올댓피자,맛집,,,밤에 방문예약 없이 이용대기 시간 바로 입장친목친구
122143279,올댓피자,맛집,,,베이컨포테이토 피자좋아한다고 계산하면서 얘기했는데 포테이토 폭탄을 넣어 피자를 만들어주신
122143279,올댓피자,맛집,,,베이컨포테이토 피자좋아한다고 계산하면서 얘기했는데 포테이토 폭탄을 넣어 피자를 만들어주신
122143279,올댓피자,맛집,,,새벽에 늘 시장으로 시켜먹다가 쉬는날이라 아이랑 같이 홀에서 먹으러 왔어요
122143279,올댓피자,맛집,,,새벽에 늘 시장으로 시켜먹다가 쉬는날이라 아이랑 같이 홀에서 먹으러 왔어요
122143279,올댓피자,맛집,,,"새우, 페페로니, 감자튀김, 고기 등 어벤저스라는 말 그대로 토핑이 일단 엄청 많고, 피자를 주문하면 사이드도 무료로 주십니다. 가성비도 너무너무 좋아요 !! 맛은 ?? 말해뭐해 ㅠㅠㅠ 존맛탱.."
122143279,올댓피자,맛집,,,"새우, 페페로니, 감자튀김, 고기 등 어벤저스라는 말 그대로 토핑이 일단 엄청 많고, 피자를 주문하면 사이드도 무료로 주십니다. 가성비도 너무너무 좋아요 !! 맛은 ?? 말해뭐해 ㅠㅠㅠ 존맛탱.."
122143279,올댓피자,맛집,,,신당갈때마다 가는데 언제나 맛있고 좋았어요! 사장님이 맥주식을까 다 마시면 가져다준다하셔서 더 좋았어요
122143279,올댓피자,맛집,,,신당갈때마다 가는데 언제나 맛있고 좋았어요! 사장님이 맥주식을까 다 마시면 가져다준다하셔서 더 좋았어요
122143279,올댓피자,맛집,,,신당역맛집 올댓피자에 다녀왔어요. 제가 어릴때 아메리칸피자라고 생각했던 피자헛의 초창기 피자맛이어서 굉장히 반가웠습니다. 재료를 아끼지 않고 듬뿍 올려주셔서 피자가 맛있어요. 그리고 양이 굉장히 많습니다. 피자도 크고 스파게티도 많이 주세요~:) 매장에서 피자 주문하시면 사이드메뉴 하나는 무료 제공이라 가성비가 아주 훌륭합니다. 한낮에 피맥을 즐기니 기분 정말 좋더라구요. 만나기 힘든 24시 피자맛집입니다~!!!
122143279,올댓피자,맛집,,,신당역맛집 올댓피자에 다녀왔어요. 제가 어릴때 아메리칸피자라고 생각했던 피자헛의 초창기 피자맛이어서 굉장히 반가웠습니다. 재료를 아끼지 않고 듬뿍 올려주셔서 피자가 맛있어요. 그리고 양이 굉장히 많습니다. 피자도 크고 스파게티도 많이 주세요~:) 매장에서 피자 주문하시면 사이드메뉴 하나는 무료 제공이라 가성비가 아주 훌륭합니다. 한낮에 피맥을 즐기니 기분 정말 좋더라구요. 만나기 힘든 24시 피자맛집입니다~!!!
122143279,올댓피자,맛집,,,어벤져스 피자 오늘두 너무 맛있네용😘 피자 한판시키면 사이드메뉴 주시는 센스 최고🩷여럿이서 가성비 좋게 핏자를 즐길 수 있어서 짱입니다. 분위기도 뉴욕이에요😍
122143279,올댓피자,맛집,,,어벤져스 피자 오늘두 너무 맛있네용😘 피자 한판시키면 사이드메뉴 주시는 센스 최고🩷여럿이서 가성비 좋게 핏자를 즐길 수 있어서 짱입니다. 분위기도 뉴욕이에요😍
122143279,올댓피자,맛집,,,얼굴 두개 만한 18인치 피자 드세요 ㅋㅋ 치즈 좋은거 쓰시나봐요 너무 고소해요
122143279,올댓피자,맛집,,,얼굴 두개 만한 18인치 피자 드세요 ㅋㅋ 치즈 좋은거 쓰시나봐요 너무 고소해요
122143279,올댓피자,맛집,,,일욜낮에올때마다 아저씨들이 술드시고계신게
122143279,올댓피자,맛집,,,일욜낮에올때마다 아저씨들이 술드시고계신게
122143279,올댓피자,맛집,,,저녁에 방문예약 없이 이용대기 시간 바로 입장데이트
122143279,올댓피자,맛집,,,저녁에 방문예약 없이 이용대기 시간 바로 입장데이트
122143279,올댓피자,맛집,,,저녁에 방문예약 없이 이용대기 시간 바로 입장데이트연인・배우자
122143279,올댓피자,맛집,,,저녁에 방문예약 없이 이용대기 시간 바로 입장데이트연인・배우자
122143279,올댓피자,맛집,,,저녁에 방문예약 없이 이용대기 시간 바로 입장데이트연인・배우자
122143279,올댓피자,맛집,,,저녁에 방문예약 없이 이용대기 시간 바로 입장데이트연인・배우자
122143279,올댓피자,맛집,,,저녁에 방문예약 없이 이용대기 시간 바로 입장데이트연인・배우자
122143279,올댓피자,맛집,,,저녁에 방문예약 없이 이용대기 시간 바로 입장데이트연인・배우자
122143279,올댓피자,맛집,,,저녁에 방문예약 없이 이용대기 시간 바로 입장데이트연인・배우자
122143279,올댓피자,맛집,,,저녁에 방문예약 없이 이용대기 시간 바로 입장데이트연인・배우자
122143279,올댓피자,맛집,,,저녁에 방문예약 없이 이용대기 시간 바로 입장데이트연인・배우자
122143279,올댓피자,맛집,,,저녁에 방문예약 없이 이용대기 시간 바로 입장데이트연인・배우자
122143279,올댓피자,맛집,,,저녁에 방문예약 없이 이용대기 시간 바로 입장데이트연인・배우자
122143279,올댓피자,맛집,,,저녁에 방문예약 없이 이용대기 시간 바로 입장데이트연인・배우자
122143279,올댓피자,맛집,,,저녁에 방문예약 없이 이용대기 시간 바로 입장일상연인・배우자
122143279,올댓피자,맛집,,,저녁에 방문예약 없이 이용대기 시간 바로 입장일상연인・배우자
122143279,올댓피자,맛집,,,저녁에 방문예약 없이 이용대기 시간 바로 입장일상친구
122143279,올댓피자,맛집,,,저녁에 방문예약 없이 이용대기 시간 바로 입장일상친구
122143279,올댓피자,맛집,,,저녁에 방문예약 없이 이용대기 시간 바로 입장친목지인・동료
122143279,올댓피자,맛집,,,저녁에 방문예약 없이 이용대기 시간 바로 입장친목지인・동료
122143279,올댓피자,맛집,,,저녁에 방문예약 없이 이용대기 시간 바로 입장친목친구
122143279,올댓피자,맛집,,,저녁에 방문예약 없이 이용대기 시간 바로 입장친목친구
122143279,올댓피자,맛집,,,적당히 두툼하고 적당한 간에 아주아주 맛있었어요!! 둘이서 진짜 개배터지게 먹고왔어요. 하프앤하프로 드시는 걸 추천! 매장에서 먹으면 스파게티(보조메뉴 1개) 서비스로 받을 수 있습니다. 다음에 또 갈래요~
122143279,올댓피자,맛집,,,적당히 두툼하고 적당한 간에 아주아주 맛있었어요!! 둘이서 진짜 개배터지게 먹고왔어요. 하프앤하프로 드시는 걸 추천! 매장에서 먹으면 스파게티(보조메뉴 1개) 서비스로 받을 수 있습니다. 다음에 또 갈래요~
122143279,올댓피자,맛집,,,점심에 방문예약 없이 이용대기 시간 바로 입장
122143279,올댓피자,맛집,,,점심에 방문예약 없이 이용대기 시간 바로 입장
122143279,올댓피자,맛집,,,점심에 방문예약 없이 이용대기 시간 바로 입장가족모임아이
122143279,올댓피자,맛집,,,점심에 방문예약 없이 이용대기 시간 바로 입장가족모임아이
122143279,올댓피자,맛집,,,점심에 방문예약 없이 이용대기 시간 바로 입장데이트친구
122143279,올댓피자,맛집,,,점심에 방문예약 없이 이용대기 시간 바로 입장데이트친구
122143279,올댓피자,맛집,,,점심에 방문예약 없이 이용대기 시간 바로 입장일상연인・배우자
122143279,올댓피자,맛집,,,점심에 방문예약 없이 이용대기 시간 바로 입장일상연인・배우자
122143279,올댓피자,맛집,,,"점심에 방문예약 없이 이용대기 시간 바로 입장일상연인・배우자, 친구"
122143279,올댓피자,맛집,,,"점심에 방문예약 없이 이용대기 시간 바로 입장일상연인・배우자, 친구"
122143279,올댓피자,맛집,,,점심에 방문예약 없이 이용대기 시간 바로 입장친목친구
122143279,올댓피자,맛집,,,점심에 방문예약 없이 이용대기 시간 바로 입장친목친구
122143279,올댓피자,맛집,,,점심에 방문예약 후 이용대기 시간 바로 입장지인・동료
122143279,올댓피자,맛집,,,점심에 방문예약 후 이용대기 시간 바로 입장지인・동료
122143279,올댓피자,맛집,,,점심에 방문예약 후 이용대기 시간 바로 입장친목친구
122143279,올댓피자,맛집,,,점심에 방문예약 후 이용대기 시간 바로 입장친목친구
122143279,올댓피자,맛집,,,최고의 신당동 피자 맛집 ATP피자❤️클래식피자는 또 왜이리맛있는지🐷 가성비도 좋고 맛있고 분위기도 좋은데24시간영업이라 아무때나 피자먹고싶을때 갈 수 있어욤🥰
122143279,올댓피자,맛집,,,최고의 신당동 피자 맛집 ATP피자❤️클래식피자는 또 왜이리맛있는지🐷 가성비도 좋고 맛있고 분위기도 좋은데24시간영업이라 아무때나 피자먹고싶을때 갈 수 있어욤🥰
122143279,올댓피자,맛집,,,피자 너무 맛있고 기본 소스도 3가지로 다양하고 피자시키면 사이드도 무료로 주셔서 너무 잘먹고 갑니다!!!!!
122143279,올댓피자,맛집,,,피자 너무 맛있고 기본 소스도 3가지로 다양하고 피자시키면 사이드도 무료로 주셔서 너무 잘먹고 갑니다!!!!!
122143279,올댓피자,맛집,,,피자 양도 많고 맛있어요 최애 가게 입니다 일하시는분들도 친절하세요 기분좋게 잘먹었습니다
122143279,올댓피자,맛집,,,피자 양도 많고 맛있어요 최애 가게 입니다 일하시는분들도 친절하세요 기분좋게 잘먹었습니다
122143279,올댓피자,맛집,,,피자 포함 사이드도 정말 너무너무 맛있게 먹었어요! 원래 리뷰 잘 안 남기는데 너무 잘 먹고가서 남깁니다ㅎㅎ 사장님도 친절하시고 배불러서 남긴 피자도 친절히 잘 포장해주셔서 감사합니다! 피맥하고 싶으시면 무조건 가세용~~ㅎㅎ 피자 시키면 사이드 공짜로👍👍 서비스로 주신 오지치즈후라이도 너무 맛있게 잘 먹었습니다!❤️
122143279,올댓피자,맛집,,,피자 포함 사이드도 정말 너무너무 맛있게 먹었어요! 원래 리뷰 잘 안 남기는데 너무 잘 먹고가서 남깁니다ㅎㅎ 사장님도 친절하시고 배불러서 남긴 피자도 친절히 잘 포장해주셔서 감사합니다! 피맥하고 싶으시면 무조건 가세용~~ㅎㅎ 피자 시키면 사이드 공짜로👍👍 서비스로 주신 오지치즈후라이도 너무 맛있게 잘 먹었습니다!❤️
122143279,올댓피자,맛집,,,피자도 맛있고 사이드 메뉴까지 푸짐하게 먹을 수 있었던 신당동 피자 맛집이었어요!!
122143279,올댓피자,맛집,,,피자도 맛있고 사이드 메뉴까지 푸짐하게 먹을 수 있었던 신당동 피자 맛집이었어요!!
122143279,올댓피자,맛집,,,피자에 사이드도 무료이고 맛있어서 좋았습니다
122143279,올댓피자,맛집,,,피자에 사이드도 무료이고 맛있어서 좋았습니다
122143279,올댓피자,맛집,,,하프앤하프 피자 포장했는데 사이드도 서비스로 하나 선택할 수 있었어요 리치고구마 재료 듬뿍듬뿍 올려주셨고 모둠치즈는 각각 다른 여러가지 치즈의 향이 풍부하게 느껴져서 좋았어요 치즈스파게티는 신맛없는 소스와 치즈 조합이라 엄청 고소했구요 흔치않게 24시간 영업하는 곳으로 주류 냉장고에 소주도 있어서 독특했어요
122143279,올댓피자,맛집,,,하프앤하프 피자 포장했는데 사이드도 서비스로 하나 선택할 수 있었어요 리치고구마 재료 듬뿍듬뿍 올려주셨고 모둠치즈는 각각 다른 여러가지 치즈의 향이 풍부하게 느껴져서 좋았어요 치즈스파게티는 신맛없는 소스와 치즈 조합이라 엄청 고소했구요 흔치않게 24시간 영업하는 곳으로 주류 냉장고에 소주도 있어서 독특했어요
11619295,진옥화할매원조닭한마리닭요리,맛집,,,"8월 여름 낮, 활짝 열린 창문 덕분에 실내에서도 야장느낌을 느낄 수 있습니다. 한 솥을 끓이는 동안 뜨거운 열기를 온 몸으로 느낄 수 있어요."
11619295,진옥화할매원조닭한마리닭요리,맛집,,,"✨️직원태도 ☆1.5 (장사잘되는 집 특유의 불친절장착, 외국인 많은 곳인데 더 준비된 직원들이 계셨으면)"
11619295,진옥화할매원조닭한마리닭요리,맛집,,,국물이 개운하고 너무 맛있어요! 닭도 질기지 않고 부드러워서 너무 맛있게 먹었습니다! 사실 뭐 특별한게 들어가지 않은 그냥 파랑 감자 조금 닭이 다인디 맛있어요ㅎ 떡 사리 하나 시켰는데 양이 많아요. 근데 두개 시켜도 다 먹을 수 있을 것 같아요! 떡은 밀떡인 것 같아요! 소스랑 너무 잘 어울렸습니다.김치는 셀프인데 새콤해요ㅎ 슴슴한 닭한마리랑 잘 어울려요! 진옥화 할매 닭한마리는 특이하게 볶음밥이 없어요. 칼국수만 있는데 저같음 결정장애 있으신 분들에겐 고민없이 주문 가능해서 아주 좋아요ㅎ 단일메뉴이다보니 주문할 필요도 없어요. 안내해준 자리에 앉아있으면 금새 음식이 나옵니다ㅎ 이 곳의 단점은 단 하나....너무 더워요ㅎ 그래도 끝까지 싹싹 긁어먹고왔어요ㅎ 본점이 좀 더 시원해보여요!
11619295,진옥화할매원조닭한마리닭요리,맛집,,,그리고 3층에 계신 직원분들 매우 불친절하셔서 다시는 가고 싶지 않아요. 제 돈 주고 밥 먹는건데 이렇게 기분 나쁘고 불쾌한 곳은 처음이예요.... 중국인도 너무 많고 맛도 이상해서 재방문 의사 없습니다. 떡사리에서는 냄새나요.
11619295,진옥화할매원조닭한마리닭요리,맛집,,,그리고 여기 떡사리를 좋아해서 떡사리 2개씩 추가해서 먹는데 원래 쓰던 떡이 아닙니다 말캉말캉 너무 맛있었는데 일반떡볶이 떡이에요...아버지랑 어렸을때부터 갔던곳이라 추억도 많고 좋아하는곳인데 이젠 안갈것 같습니다ㅜㅜ이러니 온통 외국인들 뿐이죠 외국인들 어떻게 먹는지도 몰라서 두리번거리는데 어느 직원분 하나 와서 도움말도 없네요 진짜 별롭니다
11619295,진옥화할매원조닭한마리닭요리,맛집,,,내부 열기 때문에 문을 다 열고 선풍기를 곳곳에 틀어 놓고 영업하시는데 그래서 먹다보면 너무 덥더라구요.
11619295,진옥화할매원조닭한마리닭요리,맛집,,,다만 흠이라면 불을 써서 그런지 매장안은 닭한마리 먹다보면 땀에 젖는다는 사~~ 실~~^^
11619295,진옥화할매원조닭한마리닭요리,맛집,,,"다진 마늘이 들어간 육수는 진하고 구수하고 담백하고, 매콤한 맛을 원하면 김치나 다데기를 추가하면 시원하고 칼칼한 육수로 변신이 됩니다."
11619295,진옥화할매원조닭한마리닭요리,맛집,,,"닭 잘라주시면 마늘이랑 양념장이랑 김치를 2번 가득 넣어주고, 팔팔 끓으면 떡이 퉁퉁 뿔어서 올라오는데 6년 전 처음왔을 때 이 떡에 반했던 기억이 나면서 여전히 그 맛을 못잊어 지금도 계속 오지라는 생각과 함께 입엔 이미 떡이 들어가있는...🤤 더 팔팔 끓여서 이젠 닭에게 돌진😁 살결도 부드럽고 김치랑도 너무 잘어울리고~특제양념장에 찍어먹으면, 닭이 익기전까지 덥다고 투정부리던 내가 더위쯤이야 하고 잠깐 참을성이 생기는 그런 맛이라고나 할까😂🤣😅"
11619295,진옥화할매원조닭한마리닭요리,맛집,,,닭한마리칼국수 기대하구 갔는데 웨이팅도 많은건 상관없는데 너무 더워요.. 에어컨 튼게 맞는데 문 열어두고 불앞에서 끓여서 먹어야하니까 너뮤 덥고 직원들이 불친절합니다 진짜로 불친절해요.. 직원분들이 짜증 엄청 내십니다 그래서 그런가 맛도 기대에 못미침
11619295,진옥화할매원조닭한마리닭요리,맛집,,,"더운 거 빼면 ㅋㅋㅋ좋았어요 닭한마리 아예 처음 먹은 건데, 맑고 깔끔하고 든든했어요!! 잘먹었습니다"
11619295,진옥화할매원조닭한마리닭요리,맛집,,,더워지기 시작하는 여름맞이 보양식으로 맛있게 먹을 수 있는 진할매 닭한마리.. 포장해 왔으니 맛나게 먹어줘야겠어요.
11619295,진옥화할매원조닭한마리닭요리,맛집,,,동대문 상인분께 추천받아 가봤는데 국물이 넘 맛있었어요. 괜히 유명한 집이 아니구나 했어요.
11619295,진옥화할매원조닭한마리닭요리,맛집,,,맛있어요..맛있는데 4인이라고 적혀있지만 4인용아니예요..닭한마리에 2인이서도 치킨다먹는판에 4인이상 오시는분들 양 작아요ㅡㅡ
11619295,진옥화할매원조닭한마리닭요리,맛집,,,반찬은 딱한가지 김치만있구 무엇보다 닭한마리는 맛있었습니다. 닭한마리에 칼국수까지 먹으니 배가 엄청불렀습니다. 다음에도 이쪽근처에 가게되면 다시가고싶습니다.
11619295,진옥화할매원조닭한마리닭요리,맛집,,,밤에 방문예약 없이 이용대기 시간 바로 입장데이트연인・배우자
11619295,진옥화할매원조닭한마리닭요리,맛집,,,배불러도 국수사리도 추가해야합니다.. 언제나 쏘맥과 함께 즐거운 닭한마리
11619295,진옥화할매원조닭한마리닭요리,맛집,,,비오는 날 땡겨서 갔는데 늦게 가서 그런지 10분 안에 입장했습니다. 여전히 맛있는 국물에 소스! 이 날따라 칼국수가 맛있더라고요. 일본인 중국인 비중이 높은 가게이지만 한국인 입맛에도 정말 잘 맞습니다💗 가성비도 정말 좋아요
11619295,진옥화할매원조닭한마리닭요리,맛집,,,사람이 늘 줄서있는 맛집. 개인적으로는 여기 보다는 맞은편쯤에 있는 집이 더 좋은듯합니다. 소스가 약간 별로였는듯 그렇지만 국물은 좋고 칼국수도 좋고 개인적으로는 떡 사리는 무조건 먹어야 한다고 생각합니다.
11619295,진옥화할매원조닭한마리닭요리,맛집,,,아쉬운건 꼭 대파를 가격을 받아야하나싶네요
11619295,진옥화할매원조닭한마리닭요리,맛집,,,아주 뜨끈한 국물 먹고싶어서 다시 방문 했는데 떡 좋아하시면 떡사리는 무조건 추가해 드셔야 해요! 너무 맛있고 마지막에 면사리까지 추가해서 칼국수까지 먹으면 둘이거서 아주 배터지게 먹을 수 있었어요!😆
11619295,진옥화할매원조닭한마리닭요리,맛집,,,여기 진짜 맛있어요. 그냥 맛있음. 맛이 미쳐있음. 여기서 일하면 중국어 일본어 고수 될 수 있음.
11619295,진옥화할매원조닭한마리닭요리,맛집,,,여기는 양배추는 없고 그냥 소스 만들어 찍어 먹는 스타일이었어요! 그리고 떡사리 꼭꼭 추가하세요...! 떡이 완전 쫄깃탱탱해요 😵‍💫
11619295,진옥화할매원조닭한마리닭요리,맛집,,,역시 날이 추워지면 할머니 뵈러 가야죠♡.5시 좀 전에 갔는데 바로 들어갔어요 5시10분쯤 되니 대기가 많아짐..! 완전맛나구 2명이서 떡가리 하면 딱임
11619295,진옥화할매원조닭한마리닭요리,맛집,,,오늘의 킥은 칼국수! 전분이 우러난 국물은 저희 어머니가 해주시던 닭죽맛이 나더라고요 감탄하며 먹었습니다 또올게요~
11619295,진옥화할매원조닭한마리닭요리,맛집,,,외국인손님이 많아 웨이팅이 있었어요 입장하자마자 한마리 세팅되어 있었고 2명이 떡추가해서 배부르게 먹었어요 담에도 웨이팅이 있다면 주변 다른 식당도 가볼만할듯요.. 덥고 정신없어서 아쉬워요
11619295,진옥화할매원조닭한마리닭요리,맛집,,,"인산인해. 종묘산책을 마치고 추억의 식당으로 간다. 3층으로 지어 올린 식당 앞에 식객들이 줄을 섰다. 대기 46번을 받아들고 생각하니 사실 아무 것도 아닌 닭탕일뿐인데. 닭이 익을 때까지 떡사리를 먼저 건져 다대기를 얹저 먹는다. 생고추를 갈아 만든 것같은 다대기가 이 집의 킥이다. 거기에 간장, 식초, 마늘을 적당히 섞어 찍어 먹고, 남은 양념은 국수에 넣어 끓인다. 그 때 종5에서 근무할 때, 많이도 먹었드랬다, 땀으로 샤워를 하면서, 낮술을."
11619295,진옥화할매원조닭한마리닭요리,맛집,,,"일요일 오후 4시 방문 , 웨이팅 없이 바로 입장!"
11619295,진옥화할매원조닭한마리닭요리,맛집,,,저녁에 방문예약 없이 이용대기 시간 30분 이내데이트연인・배우자
11619295,진옥화할매원조닭한마리닭요리,맛집,,,저녁에 방문예약 없이 이용대기 시간 30분 이내데이트연인・배우자
11619295,진옥화할매원조닭한마리닭요리,맛집,,,저녁에 방문예약 없이 이용대기 시간 30분 이내데이트연인・배우자
11619295,진옥화할매원조닭한마리닭요리,맛집,,,"저녁에 방문예약 없이 이용대기 시간 30분 이내여행연인・배우자, 부모님"
11619295,진옥화할매원조닭한마리닭요리,맛집,,,"저녁에 방문예약 없이 이용대기 시간 바로 입장데이트, 나들이, 일상친구, 지인・동료, 연인・배우자"
11619295,진옥화할매원조닭한마리닭요리,맛집,,,저녁에 방문예약 없이 이용대기 시간 바로 입장일상연인・배우자
11619295,진옥화할매원조닭한마리닭요리,맛집,,,저녁에 방문예약 없이 이용대기 시간 바로 입장친목친척・형제
11619295,진옥화할매원조닭한마리닭요리,맛집,,,저녁에 방문예약 후 이용대기 시간 10분 이내 나들이연인・배우자
11619295,진옥화할매원조닭한마리닭요리,맛집,,,점심에 방문예약 없이 이용대기 시간 30분 이내나들이연인・배우자
11619295,진옥화할매원조닭한마리닭요리,맛집,,,"점심에 방문예약 없이 이용대기 시간 30분 이내일상, 기념일친구"
11619295,진옥화할매원조닭한마리닭요리,맛집,,,점심에 방문예약 없이 이용대기 시간 30분 이내일상연인・배우자
11619295,진옥화할매원조닭한마리닭요리,맛집,,,"점심에 방문예약 없이 이용대기 시간 바로 입장가족모임연인・배우자, 아이"
11619295,진옥화할매원조닭한마리닭요리,맛집,,,점심에 방문예약 없이 이용대기 시간 바로 입장데이트연인・배우자
11619295,진옥화할매원조닭한마리닭요리,맛집,,,점심에 방문예약 없이 이용대기 시간 바로 입장데이트연인・배우자
11619295,진옥화할매원조닭한마리닭요리,맛집,,,점심에 방문예약 없이 이용대기 시간 바로 입장데이트연인・배우자
11619295,진옥화할매원조닭한마리닭요리,맛집,,,점심에 방문예약 없이 이용대기 시간 바로 입장친목지인・동료
11619295,진옥화할매원조닭한마리닭요리,맛집,,,종로5가 닭한마리 최고 집이다. 일본에도 많이 알려진 곳이다. 닭이 맛있다. 궁금하다. 육수 감칠맛도 신기하다. 이것도 궁금하다. 감자도 늘 훌륭한 크기로 씹헤는 맛이 일품이다. 어디서 재료를 받는 것일까? 25년 전 선배가 처음 데려갔다. 화재로 한동안 닫아서 슬펐다. 여전히 사람이 많은데 맛은 잘 유지되고 있다.
11619295,진옥화할매원조닭한마리닭요리,맛집,,,"진옥화할매원조닭한마리는 저도 처음인데 매장이 넓고 사람이 엄청 많았어요. 첨에 잘 익은 떡부터 건져먹고 고기 뜯어먹다가 김치, 양념장 넣고 빨간국물로 국수넣어 끓여먹었어요. 특별하지 않은듯 특별한 닭한마리의 매력에 다시 매료되었습니다. ㅎㅎ"
11619295,진옥화할매원조닭한마리닭요리,맛집,,,처음 왔다고 하니 어떻게 알고 왔느냐며 양념장고 만들어주시고 먹는법도 잘 설명해주셨어요 아이는 떡이 맛있다고 하네요^^
11619295,진옥화할매원조닭한마리닭요리,맛집,,,처음에는 이게 뭐가 그리 유니크랄까 했는데. 오래 끓이니 진한 맛이 우려나고 맛있네요…
11619295,진옥화할매원조닭한마리닭요리,맛집,,,추석인데도 영업을 하더라구요. 친구와 점저식으로 맛있게 잘 먹었습니다. 외국손님들이 더 많을 정도로 자리는 만석이었어요. 극추에요.
11619295,진옥화할매원조닭한마리닭요리,맛집,,,키 작은 안경 쓰신 직원 아저씨께서 갈때마다 위트 있고 친절하게 대해 주셔서 늘 기분좋게 다녀가요👍
12928524,창신동매운족발,맛집,,,가끔 미니족발2개도 포장하는데 혼자먹기에 양 넉넉한거 같아요.👍
12928524,창신동매운족발,맛집,,,"리뷰 2,175사진 1,183팔로워 46"
12928524,창신동매운족발,맛집,,,"리뷰 2,426사진 704팔로워 14테마 1"
12928524,창신동매운족발,맛집,,,맛있어서 자주 방문하는 족발집인데 이번에는 자투리 부분만 많고 앞다리살로 주문했는데 퍽살만 많이 있어서 너무 아쉬웠어요! 다음부터는 음식 받자마자 확인하고 바로 말씀드리고 먹으려고요~
12928524,창신동매운족발,맛집,,,매운거 좋아해서 기대했는데 전혀 맵진 않았지만 맛있었어요! 유명 맛집인데도 예약이 돼서 편하네요
12928524,창신동매운족발,맛집,,,매운거 좋아해서 기대했는데 전혀 맵진 않았지만 맛있었어요! 유명 맛집인데도 예약이 돼서 편하네요
12928524,창신동매운족발,맛집,,,매운석쇠 순살 포장 앞다리 시키면 2명애서 3명먹기도 넉넏하고 좋아요 술이 땅기는 맛이애요
12928524,창신동매운족발,맛집,,,매운석쇠순살족발+주먹밥 조합 최고에요.. 서울에서 정말 좋아하는 맛집 중 하나에요. 데려간 사람들 다 좋아해요. 멀리서 포장해와서 먹는 곳
12928524,창신동매운족발,맛집,,,매운석쇠순살족발+주먹밥 조합 최고에요.. 서울에서 정말 좋아하는 맛집 중 하나에요. 데려간 사람들 다 좋아해요. 멀리서 포장해와서 먹는 곳
12928524,창신동매운족발,맛집,,,"매장에서 먹어도 맛있고, 포장해서 30분 넘는 집에서 먹어도 맛있고, 식어도 맛있고,"
12928524,창신동매운족발,맛집,,,맵게 맛나네요. 자주 들릴께요. 오랫만에 맛집다운 맛집이었어요. 엄지척
12928524,창신동매운족발,맛집,,,밑반찬들이 족발이랑 잘 어울려서 다양하게 쌈싸먹는 재미가 있고 상추도 많이 주십니다! 오래가는 맛집은 이유가 있는 법임을 다시 한번 느꼈어요
12928524,창신동매운족발,맛집,,,밑반찬들이 족발이랑 잘 어울려서 다양하게 쌈싸먹는 재미가 있고 상추도 많이 주십니다! 오래가는 맛집은 이유가 있는 법임을 다시 한번 느꼈어요
12928524,창신동매운족발,맛집,,,비가 내리는 토요일 갑자기 창매가 생각나서 서대문구에서 창신동까지 달려가서 포장해왔어요.오랜만에 먹었는데 여전히 맛있어서 감동했어요.적당히 달고 맵고~고기는 불향을 품고있고~저희는 오후에 사서 늦은 저녁 야식으로 먹었는데 식어도 너무 맛있었어요.이 분위기면 다음주에도 다시 포장하러 갈 것 같아요!!
12928524,창신동매운족발,맛집,,,"위생상태.., 청결이 …ㅎㅎㅎ 파리로부터 음식 사수 ㅎㅎㅎ 근데 맛은 있음…그래도 재방문 ㅎㅎ"
12928524,창신동매운족발,맛집,,,잡내 못느꼈고 맛있고 육회는 조금 얼어서 나오긴 했는데 그래도 맛있었고 싱싱하다고 느낌 가성비 좋다고 느꼈어요 가격이 싼데 양이 푸짐하니까 세명이 먹어서 남았어요 배 엄청 부르게 먹고 도저히 못먹겠어서 절반 이상 남김 두명이 가시면 족발만 시켜도 남을듯!!
12928524,창신동매운족발,맛집,,,저녁에 방문예약 없이 이용대기 시간 바로 입장
12928524,창신동매운족발,맛집,,,저녁에 방문예약 없이 이용대기 시간 바로 입장
12928524,창신동매운족발,맛집,,,저녁에 방문예약 없이 이용대기 시간 바로 입장
12928524,창신동매운족발,맛집,,,저녁에 방문예약 없이 이용대기 시간 바로 입장데이트연인・배우자
12928524,창신동매운족발,맛집,,,저녁에 방문예약 없이 이용대기 시간 바로 입장데이트연인・배우자
12928524,창신동매운족발,맛집,,,저녁에 방문예약 없이 이용대기 시간 바로 입장일상연인・배우자
12928524,창신동매운족발,맛집,,,저녁에 방문예약 없이 이용대기 시간 바로 입장일상연인・배우자
12928524,창신동매운족발,맛집,,,저녁에 방문예약 없이 이용대기 시간 바로 입장일상친구
12928524,창신동매운족발,맛집,,,저녁에 방문예약 없이 이용대기 시간 바로 입장친목친구
12928524,창신동매운족발,맛집,,,저녁에 방문예약 없이 이용대기 시간 바로 입장친목친구
12928524,창신동매운족발,맛집,,,저녁에 방문예약 없이 이용대기 시간 바로 입장친목친구
12928524,창신동매운족발,맛집,,,저녁에 방문예약 없이 이용대기 시간 바로 입장친목친구
12928524,창신동매운족발,맛집,,,저녁에 방문예약 없이 이용대기 시간 바로 입장친목친구
12928524,창신동매운족발,맛집,,,저녁에 방문예약 후 이용대기 시간 바로 입장가족모임친척・형제
12928524,창신동매운족발,맛집,,,"저녁에 방문예약 후 이용대기 시간 바로 입장친목친구, 연인・배우자"
12928524,창신동매운족발,맛집,,,"저녁에 방문예약 후 이용대기 시간 바로 입장친목친구, 연인・배우자"
12928524,창신동매운족발,맛집,,,저녁에 방문포장·배달 이용대기 시간 바로 입장데이트연인・배우자
12928524,창신동매운족발,맛집,,,"저녁에 방문포장·배달 이용대기 시간 바로 입장일상지인・동료, 혼자"
12928524,창신동매운족발,맛집,,,"점심에 방문예약 없이 이용대기 시간 바로 입장데이트, 일상연인・배우자"
12928524,창신동매운족발,맛집,,,점심에 방문예약 없이 이용대기 시간 바로 입장데이트연인・배우자
12928524,창신동매운족발,맛집,,,점심에 방문예약 없이 이용대기 시간 바로 입장데이트연인・배우자
12928524,창신동매운족발,맛집,,,점심에 방문예약 없이 이용대기 시간 바로 입장데이트연인・배우자
12928524,창신동매운족발,맛집,,,점심에 방문포장·배달 이용대기 시간 10분 이내
12928524,창신동매운족발,맛집,,,점심에 방문포장·배달 이용대기 시간 10분 이내 일상혼자
12928524,창신동매운족발,맛집,,,"점심에 방문포장·배달 이용대기 시간 바로 입장일상부모님, 친척・형제"
12928524,창신동매운족발,맛집,,,점심에 방문포장·배달 이용대기 시간 바로 입장일상친구
12928524,창신동매운족발,맛집,,,점심에 방문포장·배달 이용대기 시간 바로 입장일상친구
12928524,창신동매운족발,맛집,,,족발이 쫀득쫀득해요 ˃̵ᴗ˂̵ ᵕ̈ 양념이 너무너무너무 맛있어요!
12928524,창신동매운족발,맛집,,,지금까지 5번 정도 방문한 가게. 포장해서 먹음. 맛있게 맵고 불맛이 강하고 고기가 부드러움. 여기보다 맛있는 불족발 가게는 아직 못 찾아봄. 내 또또또간집.
12928524,창신동매운족발,맛집,,,지금까지 5번 정도 방문한 가게. 포장해서 먹음. 맛있게 맵고 불맛이 강하고 고기가 부드러움. 여기보다 맛있는 불족발 가게는 아직 못 찾아봄. 내 또또또간집.
12928524,창신동매운족발,맛집,,,지나가는 길에 생각나서 들러서 사왔는데 완전 맛있어욤~~~😊
12928524,창신동매운족발,맛집,,,지나가는 길에 생각나서 들러서 사왔는데 완전 맛있어욤~~~😊
12928524,창신동매운족발,맛집,,,콩나물국이랑 밥이랑 계란찜으로 맵기잡으면서 맛있게 먹었습니다ㅎㅎ 맛집답게 시스템이 딱딱 체계화되있어서 편해영
