가게ID,가게명,평점,날짜,리뷰내용
34597246,더아너스뷔페,,,답사방문했는데 포토존도이쁘고 음식도너무좋은듯합니다 주차공간이도 편했네요
34597246,더아너스뷔페,,,더아너스에서 기분좋게 돌잔치 마쳤어요 감사합니다 홀도 넘예쁘고 깔끔하고 음식도 맛있고 주차도좋고 마음에들었어요 자세한 내용은 블로그에 썻어요~~
34597246,더아너스뷔페,,,돌잔치 알아보려 방문했는데 사진 찍을 장소도 괜찮았고 여러 할인 방법 및 상담을 친절하게 해주셔서 좋았어요
34597246,더아너스뷔페,,,돌잔치 예약하러 갔는데 직원분도 친절하시고 매장도넓고 멋있는거같아요
34597246,더아너스뷔페,,,돌잔치답사했는데 맘에 들어서 보자마자 계약했어요 여기 식사가 참 맛있다는데 넘 기대되네요
34597246,더아너스뷔페,,,돌잔치하려고 계약했어요! 친절하구 시설도 좋아요!
34597246,더아너스뷔페,,,"리뷰 2,556사진 1,119팔로워 50"
34597246,더아너스뷔페,,,"리뷰 2,653사진 1,526팔로워 32"
34597246,더아너스뷔페,,,미리 약속을 하고 와야지 어쩌고저쩌고 하시더니 잔치끝나고도 무표정으로
34597246,더아너스뷔페,,,바로 한 따끈따끈한 음식 먹을수있어서 더맛있었고 음식종류도 엄청 다양했으며 회는 신선도가 생명인데 완전 신선했고 스테이크도 진짜 맛있드라구여~직원분들도 매우 친절하다고 하객분들이 엄청 칭찬하셔서 제가 기분이 너무 좋았어요~~
34597246,더아너스뷔페,,,"여기서 돌잔치했는데, 뷔폐는 가격대비 나쁘지 않고, 역 바로 앞인데다 주차공간도 넉넉해서 손님모시기 좋았어요~헤어,메이크업,의상을 모두 한 곳에서 해결할 수 있었다는 것도 장점이었던 것 같아요~다만 단점은 옆 방, 그 옆 방의 옆 방 모두 잔치를 하는 곳이다보니, 사회 진행 시 소리가 모두 들린다는 거예요ㅠ"
34597246,더아너스뷔페,,,이 더위에 전기문제로 에어컨 안되고 선풍기는 꺼졌다커졌다를 반복하는 찜통같은 홀에서 돌잔치 마쳤습니다. 문제가 생긴것도 그렇지만 직원들의 대처가 없었어요 식전에 덥길래 물었더니 홀마다 따로 컨트롤이 안되는데 확인해보겠다며 이후 피드백이 없더라구요 하객분들 오시면서 점점 더워지고 대형선풍기를 갖다줬는데 그때도 별말이 없었어요 아기 얼굴이 벌개지길래 또 나가서 직원 찾았는데 안보이고 우왕좌왕 모여있길래 물었더니 그제서야 문제가 있는것 같다며 조치를 취해주겠다더니 어떤 조치를 하셨는지 모르겠어요 와중에 갑자기 마이크가 안나올수있다고 행사는 밀리고 하객분들은 더운데서 식사.. 아기 컨디션은 떨어지고 저희도 정신없고 더위먹은듯 멍하고.. 정산할때서야 이런 문제가 있었다며 사과하시네요 한번뿐인 돌잔치가 이렇게 끝났어요
34597246,더아너스뷔페,,,"저녁에 방문기념일, 가족모임아이, 부모님, 친척・형제"
34597246,더아너스뷔페,,,"저녁에 방문예약 후 이용대기 시간 10분 이내 기념일, 가족모임지인・동료, 부모님, 친척・형제"
34597246,더아너스뷔페,,,"저녁에 방문예약 후 이용대기 시간 바로 입장기념일연인・배우자, 친구, 지인・동료, 아이, 부모님, 친척・형제"
34597246,더아너스뷔페,,,저희 행사 영상을 무단으로 인스타그램에 올리는 사건이 있었어서 마무리가 좋지 않았네요.
34597246,더아너스뷔페,,,전에 행사가 있어 이용해 봤는데 좋았어서 아기 돌잔치 장소로 선택했습니다. 가족 행사 장소로 추천합니다.
34597246,더아너스뷔페,,,점심에 방문예약 없이 이용대기 시간 바로 입장비즈니스연인・배우자
34597246,더아너스뷔페,,,점심에 방문예약 없이 이용대기 시간 바로 입장친목연인・배우자
34597246,더아너스뷔페,,,"점심에 방문예약 후 이용기념일연인・배우자, 친구, 아이, 부모님, 친척・형제"
34597246,더아너스뷔페,,,점심에 방문예약 후 이용대기 시간 바로 입장
34597246,더아너스뷔페,,,점심에 방문예약 후 이용대기 시간 바로 입장가족모임친척・형제
34597246,더아너스뷔페,,,점심에 방문예약 후 이용대기 시간 바로 입장기념일연인・배우자
34597246,더아너스뷔페,,,점심에 방문예약 후 이용대기 시간 바로 입장기념일친척・형제
34597246,더아너스뷔페,,,점심에 방문예약 후 이용대기 시간 바로 입장연인・배우자
34597246,더아너스뷔페,,,"점심에 방문예약 후 이용대기 시간 바로 입장친목연인・배우자, 친구, 지인・동료, 아이, 부모님"
34597246,더아너스뷔페,,,점심에 방문예약 후 이용대기 시간 바로 입장회식지인・동료
34597246,더아너스뷔페,,,조촐하게 가족끼리 아빠 환갑잔치했어요!! 좋아요
34597246,더아너스뷔페,,,주차장 들어가기 불편한거 빼고는 다 맘에 듭니다. 친정하고 분위기 좋고 음식도 맛나요.
34597246,더아너스뷔페,,,첫짿때 다들 음식맛이 좋았다고해서 둘째도 여기서해요~~~
1883276492,레스팅,,,(예능 냉부에서 이탈리아 리조또 쌀을 봤거든요ㅎㅎ)맛도 참 좋았습니다^^자극적이지 않게 맛있는 맛이요! 재방문 의사있고요 다음엔 문어다리도 먹어보고싶네요~~^^ 서버분이 참 친절하셨고 예쁘셨어요! 잘먹고 갑니다 감사해요🙂
1883276492,레스팅,,,"ㅎㅎ 안녕하세요 고객님!! 옆에서 고객님의 진실의 미간을 보았습니다!! 엔초비는 저의 두번째 애정하는 메뉴라서 고객님께서도 꼭꼭꼬옥 드셔보셨으면 했어요! 만족하셨다니 정말 다행입니다.. 😊 리소토에 거부감 없으시면 다음에 연어리소토 드셔보세요! 시그니처 메뉴인데.. 이 메뉴가 저의 최애거든요!! 리뷰 남겨주셔서 감사드리고, 다음에 또 뵙겠습니다 ❤️"
1883276492,레스팅,,,겉은 바삭하고 속은 녹는데 씹을수록 육즙과 지방의 풍미가 그냥 미쳤습니다. 가니쉬로 나온 콜리플라워도 비릿함 전혀 없이 단단한 식감의 감자같은 고소함이 일품이네요 정말
1883276492,레스팅,,,광고 속에서 찾던 찐맛집......분위기 좋은 데이트 맛집 찾으시면 후회 안하실겁니당~~~
1883276492,레스팅,,,"기념일이라 동네에 갈 만한 곳 찾아보다 예약 후 방문했는데, 동네에 이런 곳이 있었나 할 정도로 너무 좋았어요! 일단 직원분이 너무 친절하셔서 처음부터 끝까지 좋은 경험이었던 것 같고, 해산물 파스타(토마토)와 한우 등심 스테이크 그리고 보테가 포에티 스무판테 로제 스파클링 와인 시켜먹었는데 메뉴도 다 맛있고 좋았어요!"
1883276492,레스팅,,,"남편 생일을 맞이해 아기의자에 앉지 못하는 6개월 아기와 방문했어요! 유모차로 다니면 갈 수 있는 곳이 제한적인데 건물에 엘레베이터도 있고 미리 말씀 드렸더니 유모차 자리 마련해주셔서 편하게 앉을 수 있었습니다. 서빙해주시는 분이 너무 친절하셔서 음식 맛도 기대가 됐었는데, 음식도 너무 맛있었습니다. 특히 스테이크요 ❤️ 다음에도 특별한 날 방문하겠습니다!"
1883276492,레스팅,,,동료들이랑 먹고 너무 맛있어서 남편이랑 재방문 했습니다! 문어가 부드러우면서도 맛있는데 그 밑에 매쉬드 포테이토도 너무 맛있었어요! 그리고 시그니쳐인 파스타👍 특히 큼지막한 새우를 까서 올려주신게 너무 좋았어요!! 임산부인데 신선한 해물이라 기분 좋게 먹었습니다~~ 동네에 이런집 생겨서 너무 좋네요
1883276492,레스팅,,,동료들이랑 먹고 너무 맛있어서 남편이랑 재방문 했습니다! 문어가 부드러우면서도 맛있는데 그 밑에 매쉬드 포테이토도 너무 맛있었어요! 그리고 시그니쳐인 파스타👍 특히 큼지막한 새우를 까서 올려주신게 너무 좋았어요!! 임산부인데 신선한 해물이라 기분 좋게 먹었습니다~~ 동네에 이런집 생겨서 너무 좋네요
1883276492,레스팅,,,뜻깊은 날 함께하실 장소를 이곳 레스팅으로 골라주셔서 정말 감사드려요~! 복덩이와 함께 다음에 또 방문해주세요❤️
1883276492,레스팅,,,뜻깊은 날 함께하실 장소를 이곳 레스팅으로 골라주셔서 정말 감사드려요~! 복덩이와 함께 다음에 또 방문해주세요❤️
1883276492,레스팅,,,레스팅은 고객님들이 편안하게 음식과 공간을 즐기고 가셨으면 좋겠다는 마음으로 오픈했습니다. 그래서 가게 이름도 레스팅이랍니다!
1883276492,레스팅,,,레스팅의 아마트리치아나의 고기는 숯향이 느껴져서 맛있어요. 해산물파스타는 크림으로 먹었어요. 늘 토마토만 먹었는데 크림도 넘 맛있네요. 남은 크림소스도 거의 다 먹었어요. 무엇보다 크림스파게티를 아이들도 무척 좋아했어요. 쉐프님의 솜씨가 잘 느껴져요.
1883276492,레스팅,,,리뷰 좋아서 선택한 곳이었는데 오픈주방 너무 깔끔하고 사장님 직원분 다 친절하시구 음식맛은 말할것없이 넘 맛있습니다. 저는 리조또가 맛났는데 친구는 파스타가 제일 맛났다고 하더라구요. 넘 잘먹었습니다 재방문의사 100프로 입니다!
1883276492,레스팅,,,리뷰 좋아서 선택한 곳이었는데 오픈주방 너무 깔끔하고 사장님 직원분 다 친절하시구 음식맛은 말할것없이 넘 맛있습니다. 저는 리조또가 맛났는데 친구는 파스타가 제일 맛났다고 하더라구요. 넘 잘먹었습니다 재방문의사 100프로 입니다!
1883276492,레스팅,,,"리소토는 고르곤졸라 치즈와 닭고기육수로 간을 맞추는데, 간혹 간이 세게 느껴지실 수도 있습니다. 다음에 방문해주셨을 때, “지난 번에 간에 세다고 느껴졌으니 조금만 약하게 해달라” 고 언급 한 번 주시면 좀 더 신경써서 만들어드릴게요! 최대한 만족하고 가셔야죠 ❤️"
1883276492,레스팅,,,"매장 너무 잘 꾸며놓으셔서 아기자기하고 이뻐요! 파스타, 스테이크 다 맛있게 잘 먹었고 엄마랑 같이 방문했는데 맛있게 다 드셔서 기분이 좋네요 ㅎㅎㅎ 서비스로 샐러드도 주셔서 감사합니다~ 다음에는 다른 메뉴들도 먹어보고 싶어요🫶🏻"
1883276492,레스팅,,,매장내부 깔끔해서 좋아요 음식도 괜찮고요 가격대비 양은 좀 부족한 느낌 배가 막 차진 않아서 아쉽
1883276492,레스팅,,,매장내부 깔끔해서 좋아요 음식도 괜찮고요 가격대비 양은 좀 부족한 느낌 배가 막 차진 않아서 아쉽
1883276492,레스팅,,,먹느라 크림 파스타는 촬영도 못했지만 모든 메뉴가 전부 맛있어요✨항상 친절하게 맞이해주시는 여자 사장님께도 넘넘 감사합니다💛 최고에용👏🏻오늘도 대접받는 느낌으로 즐겁게 다녀왔습니다❤️
1883276492,레스팅,,,스테이크맛집~ 파스타맛집 레스팅~^^ 한결같이 맛있고~ 너무너무나 친절하세여~인기많은 맛집은 이유가 있어여~최고👍🏻👍🏻👍🏻❤️❤️
1883276492,레스팅,,,아무래도 어버이날이라 모두 부모님 모시고 오시는 모습이 넘 보기좋았구요 ㅎㅎ 더군다나 고객님과 어머님 너무 미인이셔서 정말 더할나위 없이 행복하실 것 같아 날린 멘트였습니다 ❤️
1883276492,레스팅,,,아무래도 어버이날이라 모두 부모님 모시고 오시는 모습이 넘 보기좋았구요 ㅎㅎ 더군다나 고객님과 어머님 너무 미인이셔서 정말 더할나위 없이 행복하실 것 같아 날린 멘트였습니다 ❤️
1883276492,레스팅,,,"안녕하세요 고객님 ❤️ 따뜻한 미소로 바라봐주셔서 저도 즐거운 마음으로 응대해드릴 수 있었습니다. 리뷰까지 남겨주셔서 감사드리고, 다음에 또 뵙겠습니다 ❤️"
1883276492,레스팅,,,안녕하세요 고객님 ❤️ 또 뵈어서 저도 기분이 좋았습니다! 추천해드린 조합을 흔쾌히 응해주셔서 더 맛있게 만들어드렸어요! ㅎㅎ 다음에 또 뵙겠습니다 ! 리뷰 써주셔서 감사드려요 ❤️
1883276492,레스팅,,,"안녕하세요 고객님 ❤️ 특급 칭찬에 기운이 샘솟았습니다. 늘 레스팅을 이용해주셔서 감사드리고, 할 수 있을 때까지 오래오래 레스팅 운영해보겠습니다 ❤️ 감사합니다!"
1883276492,레스팅,,,"안녕하세요 고객님 ❤️ 특급 칭찬에 기운이 샘솟았습니다. 늘 레스팅을 이용해주셔서 감사드리고, 할 수 있을 때까지 오래오래 레스팅 운영해보겠습니다 ❤️ 감사합니다!"
1883276492,레스팅,,,안녕하세요 고객님! 이렇게 리뷰까지 남겨주셔서 감사합니다❤️ 다음에 오셨을때도 만족하실 수 있도록!! 초심잃지 않겠습니다 ^-^ ❤️
1883276492,레스팅,,,안녕하세요 고객님~! 이번엔 새로 들인 것들을 모두 맛봐주셨네요 ㅎㅎ 레모네이드는 유기농이라고 해서 거두절미하고 메뉴에 추가했습니다 ! 원두는 고객님이 추천해주신 원두로 바꿔보았습니다 ㅎㅎ 저희 취향을 제일 잘 알고계셔서 그런지 굉장히 만족스러웠답니다! 늘 신경써주셔서 감사드려요 ❤️
1883276492,레스팅,,,"안녕하세요 고객님❤️ 나만을 위한 소중한 시간을 레스팅에서 즐겨주셔서 감사합니다. 리뷰를 읽으며 , 제가 고객님께 큰 걸 해드리지 못했는데 이렇게나 감사한 말씀을 해주시다니.. 저의 무료했던 일상에 아주 소중한 하루를 선물해주셨어요. TMI로 저도 지난 일년, 10년동안 다닌 회사를 퇴사하고 자영업의 길로 들어선다는 것과 육아와 살림 등의 여러 요소가 한 번에 몰려와 다소 힘든 시간을 보냈는데요. 이런 말 믿으실 지 모르시겠지만, 고객님들이 저에게 힘을 주셨어요. 이런 따뜻한 리뷰.. 하나하나가 제 일의 원동력이 되었습니다. 저야말로 고객님께 치유받았습니다 :-) 감사드려요! 시원한 가을이 찾아오고 또 혼자의 시간이 필요하실 때 레스팅에서 레스팅 하고 가시면 좋겠습니다. 다음에 또 뵙겠습니다 ❤️"
1883276492,레스팅,,,안녕하세요 고객님❤️ 우와 ~~ 이렇게나 정성스러운 리뷰 정말 감사합니다 ❤️ 일행분들 모두 토박이이시군요!!! 저희는 결혼하며 21년도에 중랑구 입성했는데 따악 레스팅 생기면 다들 좋아하실 것 같더라구요~ ㅎㅎ
1883276492,레스팅,,,엄마 생일 식사하러 방문했는데 음식도 너무 맛있고 깨끗하고 직원분 사장님까지 친절하신 세박자를 모두 갖춘 가게였어요 모두 맛있었지만 특히 부라타치즈샐러드와 연어리조토또 생각날것 같습니다
1883276492,레스팅,,,"역시 뭐 하나 빠짐없이 맛있게 잘 먹고 왔습니다. 사장님께서 맛있게 먹는 팁도 설명해주시고 무엇보다 너무 친절하심,,!!! 사진보는데 또 먹고싶네요"
1883276492,레스팅,,,오늘도 레스팅에서 힐링하고 왔어요. 좋은분들과 함께 하고 싶은 최고의 맛집이에요. 주문한 안심스테이크랑 샐러드 그리고 파스타 문어요리 모두 만족했고 넘 맛있었어요.
1883276492,레스팅,,,오늘도 레스팅에서 힐링하고 왔어요. 좋은분들과 함께 하고 싶은 최고의 맛집이에요. 주문한 안심스테이크랑 샐러드 그리고 파스타 문어요리 모두 만족했고 넘 맛있었어요.
1883276492,레스팅,,,왜 음식이 더 맛있어 진거죠?? 맙소사네요.. 이러니 자주는 아니더라도 계속 잊지 않고 방문하게 되는 나만의 동네 맛집!! 이번에도 잘 먹고 갑니다. 다음날 속도 편안하고 재료와 음식이 좋은가 봅니다!
1883276492,레스팅,,,왜 음식이 더 맛있어 진거죠?? 맙소사네요.. 이러니 자주는 아니더라도 계속 잊지 않고 방문하게 되는 나만의 동네 맛집!! 이번에도 잘 먹고 갑니다. 다음날 속도 편안하고 재료와 음식이 좋은가 봅니다!
1883276492,레스팅,,,"유명해지셨으면 좋겠는데, 적당히만 유명해지셨으면 좋겠어요.. 자리가 없으면 속상 할것 같아요ㅠㅠㅋㅋ"
1883276492,레스팅,,,음식도 너무 맛있었고 오픈 키친이라 깔끔한 내부가 잘 보여서 더 좋았습니다~! 특히 라자냐가 너무 맛있었어요! 바질도 너무 신선하고 라구 소스 안에 다짐육 고기 크기가 커서 씹는 맛과 고기 맛이 많이 느껴져 좋았습니다~ 스테이크도 너무 부드럽고 맛있었어요! 다음에 또 방문 할 것 같습니다!🥰😋😘
1883276492,레스팅,,,저녁에 방문예약 없이 이용대기 시간 바로 입장데이트연인・배우자
1883276492,레스팅,,,주말 일요일 저녁~사진을 직접 찍은게 아니라서 아쉽지만 파스타 소스를 선택 가능해서 좋았다 해산물이라 고민하다가 오일말구 토마토로~ 스테이크는 안심으로 굽기는 인생 첫 미디움으로~ 정하지 않고 가서 평소에 동네에 생긴 여기는 어떨까 지나가다가 방문을 하게되어 들어선 순간 여기 괜찮다~ 먹는중에도 맛있어서 기분이 좋고 창가자리 이동여부도 친절하게 챙겨주신 직원분 미소도 예쁘시고 센스도 세심하셔서 나혼자 감동다음엔 감바스로 도전해보기로 메뉴 정해두고 다먹고 나온 우리동네맛집
1883276492,레스팅,,,"첫 방문 하고 음식에 홀딱 반해서 한달 사이에 3번이나 방문했네요. 사장님 요리 실력이 예술입니다 너무 맛있어요. 어머니 피셜 ""사장님 요리 경력이 궁금해지는 맛..."" 이 정도 맛이면 더 비싸도 납득인데 마진도 엄청 낮게 잡으신듯 파스타나 리조또에 들어가는 재료가 어마어마합니다. 해산물 파스타는 거의 모듬 해산물 한상이고 스테이크 리조또도 스테이크 1인분이 통으로 들어가는 수준이에요. 문어다리도 살면서 먹어본 문어중 압도적 goat였습니다."
1883276492,레스팅,,,퀄리티가 좋았어요~ 지인이랑 함께 방문했는데 임산부였었는데 할인도 해주시고 너무너무 기분 좋은 식사시간이었어요!
1883276492,레스팅,,,퀄리티가 좋았어요~ 지인이랑 함께 방문했는데 임산부였었는데 할인도 해주시고 너무너무 기분 좋은 식사시간이었어요!
1883276492,레스팅,,,한 달에 한번 모임하는데 사장님도 친절하시고 분위기도 좋고 항상 만족스럽게 먹고갑니다.
1883276492,레스팅,,,혼밥 하시는 단골 분들도 많으시니까 부담갖지 마시고 언제든 방문해주세요!! 다시 생각해보니 혼밥단골분들은 늘 스테이크를 드시더라구요?! 이 맛과 정성 변하지 않게 노력하겠습니다! 다음에 또 뵙겠습니다❤️
1013659371,망우식당 우림시장 본점,,,"11시반 예약을 하고 11시20분~25분 사이에 갔었는데 문앞에 남자분 둘이 앉아서 담배를 피고계셨습니다. 대충 보고 그냥 주민인줄 알고 문열고 들어가려는데 급하게 제지하시면서 ""11시반에 딱맞춰 오세요.""라고 하신게 아직도 기억나네요."
1013659371,망우식당 우림시장 본점,,,"가족이랑 방문했는데 따뜻한 분위기의 양식당입니다! 토마토 마리네이드, 수비드 부채살 스테이크, 감배로니 오일 파스타, 반반피자 시켰습니다! 재료들이 신선하고 양이 적당해요! 피자 도우가 패스튜리 종류인데 맛있었습니다! 스테이크도 야채 다양하게 함께 주시고 고기도 맛있어요! 파스타가 진짜 맛있었어요! 맵기도 적당하 새우도 탱글 탱글하니 너무 맛있었어요!"
1013659371,망우식당 우림시장 본점,,,같아요 매장 인테리어도 포근하고 친구 가족 연인 모두에게 잘 어울리는거같아요 다른곳에비해 가격도 괜찮고 맛이 가격을 훨씬 뛰어넘어요 서비스로 받은 샐러드도 너무 맛있었습니다! 강추합니다💗💗
1013659371,망우식당 우림시장 본점,,,그래서 어쨌든이라고 여기 셰프님이 대단하신 분인 걸로 알고 있는데 음식이 그때도 지금도 맛있네요!
1013659371,망우식당 우림시장 본점,,,그리고 콜키지가 무료라서 식사 시키고 특별한 날 좋은 주류 가져와서 함께 먹기 좋습니다!
1013659371,망우식당 우림시장 본점,,,나중에 남자친구 생기면 무조건 데리고 오고싶은 늑김 ..
1013659371,망우식당 우림시장 본점,,,너무 맛있어요 특히 저는 파스타ㅠㅜㅜㅜ 옥수수 피자도 맛있었는데 파스타가 면도 진짜 맛있구 감질맛도 나서 너무 맛있었어요🥹❣️ 해산물오일파스타 먹었는데 다른 파스타도 먹어보고싶었음.. 다음에 대파크림치즈 피자랑 크림파스타 먹어보려구요ㅎㅎ
1013659371,망우식당 우림시장 본점,,,"데이트하기 좋은 분위기의 레스토랑이었어요😊 남자친구랑 함께 갔는데 따뜻한 공간 덕분에 편안하게 식사했습니다. 쉬림프 로제는 크리미하면서도 새우가 신선했고, 해산물이 듬뿍 들어간 뚝배기 파스타는 국물이 깊고 시원해서 정말 만족스러웠습니다. 다음엔 모임 자리로도 와보고 싶어요!"
1013659371,망우식당 우림시장 본점,,,동네에서 유명한 맛집이라고 해서 찾아왔어요.역시나 분위기도 좋구 맛도 있어요.
1013659371,망우식당 우림시장 본점,,,"망우동에서 분위기 좋고 맛있는 피자와 파스타, 스테이크 집 찾으시면 무조건 여기 강추입니둥!!"
1013659371,망우식당 우림시장 본점,,,매장도 깔끔하고 편하니 좋았어요 음식도 막 나와서 따듯하고 맛있게 먹을 수 있었습니다 !!!
1013659371,망우식당 우림시장 본점,,,명절이라 부모니 모시고 예약하고 왔습니다. 너무 친절하시고 음식들도 너무 맛있습니다~ 망우동 오셔서 피자 파스타 드시고 단체모임 시 강력추천드립니다!!
1013659371,망우식당 우림시장 본점,,,배추구이 넘 맛나요 오일파스타도 페스츄리핏자도 질리지 않아요
1013659371,망우식당 우림시장 본점,,,벌써 5번째 방문입니다!!! 여전히 넘 맛있습니다!! 망우 양식집 1등은 망우식당입니다 >< 분위기도 좋고 음식도 맛있어서 데이트하기도 좋고 청첩장 모임으로 좋을 것 같아용!
1013659371,망우식당 우림시장 본점,,,"벌써 두 번째 방문인데, 직원분들이 친절하고 음식 맛이 좋아 파스타 먹고 싶을 때는 망우식당을 찾게 되는 것 같아요 ㅎㅎ"
1013659371,망우식당 우림시장 본점,,,분위기가 좋고 직원이 친절하고 가족끼리 단란하게 식사하기에도 좋아요 보통 양식집에는 소주 없는데 소주가 있어서 좋네요
1013659371,망우식당 우림시장 본점,,,샐러드는 집에서도 먹고 싶은 너무 편안한 맛이었습니다 매장 분위기도 너무 좋구 원래도 자주 오는데 계속 방문할 예정입니다
1013659371,망우식당 우림시장 본점,,,생각보다 너무 좋아서 감동이예요!!!!!! 앞으로 자주 올거같아요. 망우의 대표 파스타집이네요. 엔터식스 안에서 이제 안먹고 여기 와서 먹을듯 합니다 번창하세요
1013659371,망우식당 우림시장 본점,,,생일이라 어디갈까 좀 검색해보다가 배추샐러드가 있어서 와봤는데요! 부채살스테이크도 맛있고 파스타도 맛있고 가격도 합리적인거같아요!! 새로가없다는게 쫌 당황스럽긴하지만 또 방문할 의향 있습니당!!! 저만몰랐는지 이미 사람들도 꽤 많아요 ~~
1013659371,망우식당 우림시장 본점,,,쉬림프 로제 파스타는 매콤하게 주문해서 엄청 맛있게 매웠어요. 맵기 선택 가능해서 아이들도 좋아할 맛이에요. 피자는 꼬다리도 바삭 할 만큼 맛있어요!!
1013659371,망우식당 우림시장 본점,,,식당 깔끔하고 아늑해서 식사하고 좋고 음식도 너무 맛있어요 양도 넉넉히 나오구요 친절하시고 해서 편하게 식사 잘했어요^^ 평일점심 10프로 할인있으니 점심시간에 방문해서 기분 좋은시간 보냈습니다^^
1013659371,망우식당 우림시장 본점,,,식전 오미자차로 가볍게 마시고 토마토마리네이드에는 리코타치즈 듬뿍들어있아요 하우스 샐러드랑 곁들여 먹어도 너무 담백하고 상큼했어요 트러플을 정말 좋아하는데 리조또는 트러플향이 은은하게 나면서 꾸덕한 완전 제 취향... 곧 기념일인데 다시 방문하고 싶을정도로 너무 맛있어요 ㅠㅠ 정말 꼭 오세요 진짱 맛있어요 ㅠㅠ 마포사는데 생각날때마다 올거에요 아라비아떠는 덜맵게 했는데 맵찔이도 먹을 수 있는 가볍게 매콤한 파스타였어요
1013659371,망우식당 우림시장 본점,,,썬 55님 정성 가득한 리뷰 정말 감사합니다🥰 주문해주신 메뉴 모두 만족하셨다니 기분이 너무 좋네요! 웰컴 오미자차도 마음에 드셨다니 뿌듯하고요🍷💕 주차 안내까지 꼼꼼히 적어주셔서 방문 예정이신 분들께도 큰 도움이 될 것 같아요🙌 앞으로도 올 때마다 ‘믿고 먹는 집’이 될 수 있도록 더 맛있고 즐거운 식사 준비하겠습니다✨
1013659371,망우식당 우림시장 본점,,,아가랑 먹을 곳 찾다가 추천받아서 오게되었어용~~ 메뉴는̆̈ 추천 못받아서~ 아가 먹을만한걸로 시켰는데 이렇게 맛있다구 참새처럼 입벌리네요~ 이런음식 많이 먹게 되는데 참 신선하고 요리에 정성 가득 넣어 만드시는̆̈ 듯 해요~^^
1013659371,망우식당 우림시장 본점,,,"양식 안 좋아하시는 엄마도 다 너무 맛있다며 또 오자고 하셨습니다. 직원분도 친절하시고, 인테리어도 예쁘고! 재방문 200%입니다."
1013659371,망우식당 우림시장 본점,,,"양식을 자주 즐기신다니 더 기쁘고, 다른 메뉴들도 맛있게 즐기실 수 있도록 정성껏 준비하겠습니다 🍕🍝💕"
1013659371,망우식당 우림시장 본점,,,오랜만에 왔는데도 미간 찌푸리며 이거지 했어요 ㅎㅎㅎㅎ 맛 그대로네요! 잘 먹었습니당🥰 엄마도 너무 맛있대요😍
1013659371,망우식당 우림시장 본점,,,"와 여기 진짜 맛있네요, 제가 진짜 고구마피자 좋아하는데 여기 피자는 토핑도 많구 도우가 페스츄리라....미츳어요,♥️♥️🪽 파스타도 매콤해서 넘 맛있았어요!!!!"
1013659371,망우식당 우림시장 본점,,,웰컴드링크로 오미자도 주네요. 사진엔 담지 못했지만 에피타이저로 제격이었습니다.
1013659371,망우식당 우림시장 본점,,,음식도 맛있고 정갈하게 잘 나와서 좋습니다. 동네에 이런 맛집이 있어서 너무 좋아요!
1013659371,망우식당 우림시장 본점,,,자전거타다가 어디갈지 고민했는데 맛나보여서 들렸는데 진짜 맛있었어요!!! 메뉴도 진짜 많고 ..가게도 분위기 좋고 너무 맘에 드네요..멀지만 또 올게요ㅠㅠㅠ 진짜 강추~!
1013659371,망우식당 우림시장 본점,,,"저번에 먹어보고 넘 맛있어서 가족끼리 또 왔어요!! 피자가 진짜 너무너무 맛있어요,,, 도우가 페스츄리 반죽같아요 최고🥹"
1013659371,망우식당 우림시장 본점,,,전에는 아이랑 오고 이번은 어머니랑 형과 왔는데 역시 만족합니다 음식도 맛있고 특히 직원분들이 엄청 친절 합니다 근처 오시는 분들은 꼭 한번 방문하시길 추천 합니다 ^^ 아이랑도 좋아요
1013659371,망우식당 우림시장 본점,,,점심에 방문예약 없이 이용대기 시간 10분 이내 가족모임부모님
1013659371,망우식당 우림시장 본점,,,점심에 방문예약 없이 이용대기 시간 바로 입장일상연인・배우자
1013659371,망우식당 우림시장 본점,,,점심에 방문예약 없이 이용대기 시간 바로 입장일상지인・동료
1013659371,망우식당 우림시장 본점,,,점심에 방문예약 없이 이용대기 시간 바로 입장일상친구
1013659371,망우식당 우림시장 본점,,,점심에 방문예약 없이 이용대기 시간 바로 입장일상혼자
1013659371,망우식당 우림시장 본점,,,점심에 방문예약 없이 이용대기 시간 바로 입장친목친구
1013659371,망우식당 우림시장 본점,,,"점심에 방문예약 후 이용대기 시간 바로 입장데이트, 친목, 기념일, 가족모임연인・배우자, 부모님"
1013659371,망우식당 우림시장 본점,,,"조용히 소문나 대기없이 먹기 힘들다는데, 운 좋게 주말 워크인으로 들어왔어요. 아이와 함께 왔는데 페퍼로니 피자 맛있게 먹었어요~파스타는 조미료 맛 안나는 순수재료 그 자체! 근처사는 사시는 분 좋겠어요."
1013659371,망우식당 우림시장 본점,,,"주식회사 윤쓰케어님 방문 소감이 이렇게 멋진 글로 담겨 있다니 정말 감동입니다🥹 시장 입구의 작은 이탈리아 가정집 같은 분위기, 조명·인테리어·미소·웰컴티까지 세심하게 느껴주셔서 감사합니다. 감베로니 오일 파스타의 식감과 향, 바게트의 바삭함까지 꼼꼼하게 표현해 주신 덕분에 저희도 읽는 내내 미소가 지어집니다. “숨은 고수”라 불러주시다니 과분한 칭찬이지만, 그 마음에 보답하기 위해 더 겸손하고 정성껏 준비하겠습니다🙏 다시 만나 뵐 날을 기다릴게요💛"
1013659371,망우식당 우림시장 본점,,,처음 방문해봤는데 맛있게 먹었어요! 생각보다 가격이 높게 형성되어있진 않아서 데이트 하기에 나쁘지 않은것 같습니다. 리뷰 이벤트로 주시는 샐러드 양도 많고 다른 음식들이랑 곁들여 먹으니까 좋았어요~
1013659371,망우식당 우림시장 본점,,,처음 와본 건데 너무 맛있게 먹고 가네요^_^ 직원 분도 친절하시고 가게 분위기도 안락하고 좋았어요. 음식도 다 맛있었는데 특히 피자가 정말 말도 안 되게 맛있었습니다. 패스츄리 같은 식감이라서 더 기억에 남네요 ㅎㅎ 후식으로 준비해주신 바닐라 아이스크림까지 잘 먹고 갑니다~☺️☺️
1013659371,망우식당 우림시장 본점,,,"친구가 매운 것을 못 먹는 상황인데 안 맵게 설정할 수 있어서 편안하게 식사했습니다~ 쉬림프 로제는 자극적이지 않아서 좋았고, 감배로니 오일 파스타는 빵이 함께 나와서 놀랐어요🫢🤍 그림이 많이 걸려 있어서 구경하는 재미도 있었고, 피클도 기성품이 아니라 직접 만드신 것 같았습니다! 오랜만에 만난 친구와 행복한 시간 보냈어요 ㅎㅅㅎ"
1013659371,망우식당 우림시장 본점,,,크림소스가 끝내줍니당! 피자도 빵부분이 페스추리라서 진짜 맛있어요! 사장님 돈 많이 버셔서 가게 오래 유지해주세요~ 재방문의사 10000프로 입니당
1013659371,망우식당 우림시장 본점,,,"크림소스가 장난 아니게 꾸덕이였고 통베이컨은 쫄깃하니 식감이 있었다 !! 대박,, 아라비아따는 대표메뉴 답게 너무 맛있었고 소세지엔 불향도 입혀주었다 잘 어울리는 맛이다 ,, 피자는 반반으로 페스츄리 도우였고"
1013659371,망우식당 우림시장 본점,,,"특히 이곳은 모임하기 좋은 자리를 만들기에 충분히 넓고, 청첩장 모임하기 좋은 장소로도 많이 이용될 것 같아요. 게다가 콜키지프리가 가능해서 와인을 가져와 함께 즐기기도 좋습니다. 무엇보다 직원분들이 하나하나 친절하게 설명해주고 응대해주셔서 서비스 만족도가 정말"
1013659371,망우식당 우림시장 본점,,,패스츄리 피자라 도우가 엄청 바삭하고 담백하네요! 옥수수피자도 달콤 아삭하니 맛있고 대파크림피자도 불고기 듬뿍이라 넘 맛있었어요!! 반반 드시길 추천이요~ 파스타도 면 익힘이랑 소스 간도 딱 맞아서 좋았고 바게트빵에 오일소스 찍어먹느니까 또 별미였어요~~ 매장 조용하고 분위기도 좋아서 아늑하게 식사하기 넘 좋았습니다👍🏻
1013659371,망우식당 우림시장 본점,,,"피자 진짜 도우부터 치즈까지 너무 맛있고, 토핑도 과하지 않아서 끝까지 질리지 않고 먹었어요."
1744539098,아지오이탈리아음식,,,"✅️ 오징어 먹물 리조또 : 한번도 먹어보지 못한 맛, 부드러운 오징어, 크리미한 먹물 소스, 새콤한 과일 곁들임"
1744539098,아지오이탈리아음식,,,가자미의 짭짤하고 담백한 풍미가 살아있는 독특한 메뉴여서 너무 좋았어요!
1744539098,아지오이탈리아음식,,,겁나 맛있고 소스양도 새우양도 충분한 파스타였어요!! 먹으면서 다음주에 또 와야되겠다고 생각했어요!!
1744539098,아지오이탈리아음식,,,"기분좋은 재즈, 사랑하는 연인과 조용하게 데이트 하고 싶다면 강추합니다!💕"
1744539098,아지오이탈리아음식,,,꾸덕한 파스타에 새우랑 다른 재료들도 많이 들어가서 좋았어요! 스테이크는 완전 입살녹이었어요⭐️⭐️⭐️⭐️⭐️ 재방문할게용!!
1744539098,아지오이탈리아음식,,,"남자친구와 분위기있게 저녁에 와인한잔 하면서 데이트하기 딱 좋았어요! 오리엔탈 샐러드, 마르게리따 피자, 차돌고사리들깨파스타 시켰는데 특히 저는 차돌고사리들깨파스타가 맛있어서 호로록 싹싹 긁어서 다 먹었슴다요,, 간만에 찾은 분위기도 넘 조쿠 데이트 장소로도 좋았던 상봉역 파스타 맛집 이었습니닷 🥂🥰"
1744539098,아지오이탈리아음식,,,데이트 장소로 딱이네요~ 상봉역 코앞이라 상봉 맛집 찾으시면 아지오 추천드려용
1744539098,아지오이탈리아음식,,,마르게리따 피자도 너무 화덕스러운 느낌이 나지 않고 간이 세지읺아 부담스럽지 않게 먹을 수 있어서 좋았어요
1744539098,아지오이탈리아음식,,,맛있고 분위기도좋고 게다가 가격도 합리적이라 대만족입니다! 작년에 감동받아서 결혼하고 다시오겠다고했는데 앞으로도 매년 들르려구요♡
1744539098,아지오이탈리아음식,,,명란 크림 파스타도 추천이에요. 전혀 느끼함 없는 부드러운 크림에 명란이 퍼져있어서 씹는 재미가 있었습니다 ㅋㅋㅋ 남자친구랑 갔는데 부모님 모시고 또 가려고 저장해뒀습니다 ㅎㅎ
1744539098,아지오이탈리아음식,,,명란 파스타 맛있어요 피자도 맛있구요 수제피클도 잘 먹었습니당~♡
1744539098,아지오이탈리아음식,,,바질페스토랑 마르게리타 먹었는데 양도 많고 맛있었어요~ 매장 분위기도 좋았급니다
1744539098,아지오이탈리아음식,,,분위기 아늑하고 데이트하기 좋은 상봉맛집이에요 💕 와인 한잔 하면서 대화하기 넘 좋은 곳!! 파스타랑 리조또 피자 등등 메뉴도 다양해요~ 특히 양송이 화이트라구 진짜 맛있어요👍 꾸덕꾸덕하면서 파스타 식감도 좋아요~ 스피니치 피자 먹었는데 상큼하면서 시금치가 들어가서 건강하면서도 샐러드 피자라 맛있게 먹었어요! 사장님도 친절하세여~ 분위기 좋은 곳이라 모임이나 데이트하기 좋아요 🍷
1744539098,아지오이탈리아음식,,,"분위기 있는 공간에서 맛 좋은 음식까지 즐길 수 있었던 아지오,,,, 소개팅이나 데이트 장소로도 딱이에요💕 넘 맛있게 잘먹구 가요!! 파스타는 크리미 핫 감베 강추드려요 !!!! 투움바스타일인데 꾸덕하고 존맛! 피자는 마르게리따 괜찮았어요😙"
1744539098,아지오이탈리아음식,,,분위기도 좋고 가격도 저렴해서 종종 가서 먹을것같아요 번창하세요 친절한 사장님 ! :)
1744539098,아지오이탈리아음식,,,빠네는 항상 먹는건데 이제 다음에 스테이크 필수로 먹으려고요😙💖
1744539098,아지오이탈리아음식,,,상봉동에 이런 분위기있는 레스토랑이 있는줄 첨 알았어요! 외관도 예쁘지만 내부가 분위기가 정말 좋아요 데이트코스로 최고입니당~!메뉴들도 가격이 정말 착하고 맛이 대박이에요! 식재료의 맛이 잘느껴져서 건강하고 맛있는 맛을 오랜만에 느끼고 즐겼네요! 후식으로 주신 티라미수까지! 넘 감동이었어요~!!완전 최고라서 다 소문내고 다닐거에요! 재방문의사 백프로입니당!👍👏
1744539098,아지오이탈리아음식,,,상봉에 라구랑 오징어 먹물 리조또 맛있다는 레스토랑 소개로 와본 아지오 !!! 상봉에 이런 맛있는 곳이 있는지 지금 알았어요 ㅠㅠ
1744539098,아지오이탈리아음식,,,얇은피자지만 재료의 신선함이 가득이어서 순삭했어요~! 파스타는 다른곳에 비해 양이 듬뿍이라 좋아요!!
1744539098,아지오이탈리아음식,,,"양식을 좋아해서 서울 전역을 누비면서 많이 먹어봤는데 여기가 탑3안에 드는 것 같아요,, 홍대에서 더 비싼 가격하는 스테이크집보다 여기가 훨 맛나요.. 가격대비 대만족이에요,, 오늘은 티라미수 케잌을 서비스 후식으로 내어주셨는데 웬만한 카페에서 파는 것만큼 꾸덕촉촉하니 맛있었습니다😭⭐️⭐️⭐️⭐️⭐️⭐️"
1744539098,아지오이탈리아음식,,,어쩌다 발견한 곳인데 가게 분위기도 넘 좋구 맛있어요! 사장님도 친절하시구요~
1744539098,아지오이탈리아음식,,,우선 사장님이 너무 친절하십니다. 일행이 좀 늦었는데 오는거 맞춰서 음식도 내주시고 감사했습니다. 음식도 맛있고 양도 생각보다 많아서 아주 배부르게 잘 먹었습니다. 분위기도 편안하고 아늑하니 좋습니다. 상봉역 근처에서 양식 찾으시면 추천입니다.
1744539098,아지오이탈리아음식,,,은은한 조명에 조용한 분위기라 대화하기에도 좋아요. 양송이 라구 파스타 꼭 드세요.. 존맛이니께...
1744539098,아지오이탈리아음식,,,음식 다 먹고 나오는 디저트는 직적만드셔서 더더 맛있었어요🥹❤️
1744539098,아지오이탈리아음식,,,음식 정말 따뜻하고 맛나게 먹었어요 그릇도 너무 예쁘고... 여자친구들끼리 수다떨며 파스타먹기 넘 좋아요 제 원픽은 먹물리조또입니다 엄청 고소하고 맛나요 꼭 드셔보세요
1744539098,아지오이탈리아음식,,,이정도 가격에서 양식전문으로 한다는 식당에서 여러 오일 파스타먹어봤지만 이렇게 오일이 적당히 소스화되서 꾸덕한 텍스쳐는 경험 못해봤는데 정말 훌륭했습니다
1744539098,아지오이탈리아음식,,,재방문의사 있어요. 음식이 모두 맛있고 주인분 친절하고 매장도 깨끗해요
1744539098,아지오이탈리아음식,,,"저녁에 방문예약 없이 이용대기 시간 바로 입장데이트, 기념일연인・배우자"
1744539098,아지오이탈리아음식,,,저녁에 방문예약 없이 이용대기 시간 바로 입장데이트연인・배우자
1744539098,아지오이탈리아음식,,,저녁에 방문예약 없이 이용대기 시간 바로 입장친목지인・동료
1744539098,아지오이탈리아음식,,,저녁에 방문예약 후 이용대기 시간 바로 입장데이트연인・배우자
1744539098,아지오이탈리아음식,,,저녁에 방문예약 후 이용대기 시간 바로 입장데이트연인・배우자
1744539098,아지오이탈리아음식,,,저녁에 방문예약 후 이용대기 시간 바로 입장데이트연인・배우자
1744539098,아지오이탈리아음식,,,저녁에 방문예약 후 이용대기 시간 바로 입장친목친구
1744539098,아지오이탈리아음식,,,저녁에 항상 사람이 많아 너무 가보고 싶었는데 가보니 손님이 왜 많은지 알거같아요 너무 존맛..!!!!첨에 파스타2개 피자시켯다가 너무 맛있어서 파스타 추가했어요~
1744539098,아지오이탈리아음식,,,"점심에 방문예약 없이 이용대기 시간 바로 입장데이트, 나들이연인・배우자"
1744539098,아지오이탈리아음식,,,점심에 방문예약 없이 이용대기 시간 바로 입장데이트연인・배우자
1744539098,아지오이탈리아음식,,,점심에 방문예약 없이 이용대기 시간 바로 입장데이트연인・배우자
1744539098,아지오이탈리아음식,,,점심에 방문예약 없이 이용대기 시간 바로 입장일상혼자
1744539098,아지오이탈리아음식,,,점심에 방문예약 후 이용대기 시간 바로 입장데이트연인・배우자
1744539098,아지오이탈리아음식,,,점심에 방문예약 후 이용대기 시간 바로 입장데이트친구
1744539098,아지오이탈리아음식,,,진심으로 손님을 반겨주는 곳입니다. 메뉴가 하나씩 나올 때 설명도 해주시는데 설명에서 이미 정말로 맛있게 먹어주면 좋겠다는 마음으로 만든 요리라는게 느껴질 정도입니다. 간은 강하지 않음에도 전혀 심심하지 않습니다. 친절함에 이미 기분도 좋은데 음식 향과 맛 모두 좋아서 오랜만에 즐거운 식사였습니다.
1744539098,아지오이탈리아음식,,,"최근에 아지오 식당을 방문하여 빠네와 마르게리타 피자를 맛보았습니다. 마르게리타 피자는 기본에 충실한 맛으로, 담백하고 신선한 토마토 소스와 모짜렐라 치즈의 조화가 일품이었습니다. 클래식한 맛을 좋아하신다면 만족하실 것입니다."
1744539098,아지오이탈리아음식,,,"친구 청첩장 모임으로 처음 가본 아지오! 예약하고 방문했고 음식 모두 다 맛있었어요! 피자,파스타,리조또,스테이크 종류별로 하나씩 먹었는데 여기 풍기리조또 미쳤습니다 넘넘맛있어요 ㅋㅋㅋ 마르게리따 피자도 맛있고 스테이크도 굿..!! 상봉 파스타 맛집 인정이에요 ㅋ 꼭가세요~!"
1744539098,아지오이탈리아음식,,,특히 양송이 라구 파스타 존맛이고 스피니치 피자는 미쳤습니당
1744539098,아지오이탈리아음식,,,파스타 두개 다맛있어서 다른파스타도 궁금할지경.. 또 갈께요..더더 흥하셔서 오래해주세요!!
1744539098,아지오이탈리아음식,,,피자도 파스타도 전부 맛있고 직원분이 너무 친절하시고 좋았습니다
1744539098,아지오이탈리아음식,,,핫감베 맛있었어요 ㅜㅜ 좀 더 매웠어도 좋을듯 ㅎ 해장 제대로 했듭니다 ㅋㅋㅋㅋ
79341071,어글리스토브 상봉점,,,가격도 너무 좋고 맛있어요!! 부모님이랑 배터지게 마싯게 먹고왔습니다ㅎㅎㅎㅎ 분위기도 너무 좋고 분위기 내고싶은 날 자주 찾게 될 것 같아요오!
79341071,어글리스토브 상봉점,,,"가족과 함께 방문했는데 까르보나라도 맛있고, 새우 오징어 필라프도 매콤하고 맛있네요. 매장도 넓고 인테리어도 멋지고 다음에 또 함께 와야겠어요^^"
79341071,어글리스토브 상봉점,,,가족모임으로 여러번 방문한 어글리스토브~ 상봉맛집이라 접근성 좋고 아이들도 좋아하는 메뉴가 많아 외식하기 좋아요! 리뷰이벤트로 주시는 아이스크림도 아이들이 너무 좋아해서 리뷰이벤트를 안할수가 없네요 어글리스토브 파스타는 정말 맛있어요
79341071,어글리스토브 상봉점,,,가족모임으로 재방문했어요~ 분위기도 좋고 맛도 좋아서 너무 좋네요~ 강추입니다~!!!
79341071,어글리스토브 상봉점,,,건물 주차도 여유롭고 무엇보다 스테이크 간이 세지도 않으면서 맛있네요~!
79341071,어글리스토브 상봉점,,,남편이랑 데이트하려 나왓는데 오고싶었는데 항상 사람이 많아서 처음오게되었는데 인테리어도 예쁘고 음식도 정갈하고 맛있었습니다 스프도 진짜 맛있어요
79341071,어글리스토브 상봉점,,,늘 오면 먹는 안창스테이크와 알리오 올리오는 너무 맛있어요
79341071,어글리스토브 상봉점,,,"돼지갈비 스테이크, 어글리 알리오 올리오, 갈릭 비프 피자디아 모두 맛있어요 😋"
79341071,어글리스토브 상봉점,,,딸아이 생일이라 젤루 좋아하는 어글리스토브 왔어요~~완전 맛있어요~~
79341071,어글리스토브 상봉점,,,"맛있어요!!! 공간도 넓어서 시끄럽지 않고, 쾌적해서 좋네요!! 오늘은 크림이 먹고 싶어서 크림 시켰는데! 다음에는 대표메뉴라는 알리오올리오 먹어보러 또 올게요~~"
79341071,어글리스토브 상봉점,,,매장도 넓고 음식도 맛있고 친절하셔서 넘 기분좋게 식사했습니다:) 오랜만에 남편이랑 데이트했네요♡
79341071,어글리스토브 상봉점,,,방문했어요. 매콤하니 맛있고 가성비가 좋네요❤️ 앞으로도 자주올게요
79341071,어글리스토브 상봉점,,,"비 내리는 저녁에 엄마랑 간단하게 한 끼 먹으려고 찾아본 어글리 스토브! 양 , 맛 , 분위기 모두 좋아요. 상봉 근처 사시는 분들은 접근성 좋아서 편할거같아요.스테이크 , 파스타 둘 다 맛있게 잘 먹었습니다.시래기 알리오 올리오 강추!"
79341071,어글리스토브 상봉점,,,사랑하는 동생들과 오랜만에 삼남매 데이트 했어요! 너무너무 즐거운 시간입니다~ 알리오올리오 저번에 왔을때 먹고 너무 맛있어서 이번에 또 주문했어요 동생들 먹여주고 싶었는데 맛있다고 하네요^^ 가족들과 상봉역 맛집 어글리스토브에서 참으로 즐거운 시간~
79341071,어글리스토브 상봉점,,,스테이크가 🥩 너무너무 맛있고 파스타도 🍅 너무 맛있어용 음식도 빨리 나와여!! 연인끼리 오기 딱 좋은곳 같아용 친언니랑 왔는데 분위기 너무 좋아용 또 오고싶어용💕💕
79341071,어글리스토브 상봉점,,,스테이크도 부드럽고 샐러드도 신선하고 리코타치즈 양도 넉넉하고 제주 고사리 알리오 올리오도 메콤하니 맛있었어요.
79341071,어글리스토브 상봉점,,,아이와 함께 방문했는데 까르보나라랑 감자튀김을 잘 먹어요. 직원분들이 친절해서 좋아요.
79341071,어글리스토브 상봉점,,,아주 맛있게 가족과 함께 먹고 갑니다! 필라프가 너무 맛있고 소스도 추가해서 먹을정도로 마음에 들어요!! 또 방문할게요~~
79341071,어글리스토브 상봉점,,,"알리오올리오 엄청 맛있어요! 오시면 꼭 시키셔야하구, 고기도 부드럽고 맛있습니다. 만족스러운 저녁식사였어요!"
79341071,어글리스토브 상봉점,,,어글리스토브 몇년 전부터 쭉 잘 이용해오는 곳이예요! 아이낳기전부터 다녀서 지금 아이가 6살이 됐네요^^ 처음과 같이 신선한 재료와 맛있는 음식~ 치킨필라프는 아이들 위해 주문한 메뉴구요 아이들 맛있게 잘 먹었어요! 알리오올리오는 어글리스토브 대표메뉴라서 (직원분들 유니폼에도 어글리스토브는 알리오올리오다! 써있더라구요) 궁금해서 주문해봤는데 진짜 너무 맛있습니다 감칠맛과 야채의 조화로움.. 다음에오면 무조건 재주문 할거예요! 리코타 가지튀김 파스타는 저번에 왔을때 너무 맛있게 먹었던 기억이 있어 주문해봤는데요! 여전히 너무 맛있어요 진한 토마토의 풍미와 삶은 토마토가 크게 조각내어 들어가있었어요. 6살 저희아이도 맵지않고 맛있다고 잘먹었습니다! 오늘 저녁 어글리스토브 덕분에 맛있는 가족외식 감사합니다~
79341071,어글리스토브 상봉점,,,역시 상봉맛집이네요~! 피자 파스타 필라프 스테이크등 종류도 많아서 데이트 장소로도 넘좋아요~!
79341071,어글리스토브 상봉점,,,연휴 둘째날 가족모임으로 단촐하게 외식나왔어요~ 가족들과 맛있는 한끼 든든하게 먹고가네요! 상봉맛집답게 접근성 좋고 매장은 쾌적합니다~ 맛도 있구요~ 특히 가지리코타치즈파스타 넘 맛있어요!
79341071,어글리스토브 상봉점,,,영화 보기 전에 들러 이른 저녁을 먹었어요. 어글리는 쿠폰도 자주 줘서 그냥 가게 되고 맛도 좋은 식당이에요. 이야기하기도 편해서 좋습니다.
79341071,어글리스토브 상봉점,,,와이프랑 데이트하러 상봉왔다가 건강한 상봉맛집 어글리스토브 와서 건강하고 맛있는 음식 먹고갑니다
79341071,어글리스토브 상봉점,,,원래 집주변에 어글리스토브가 있었는데 사라져서 항상 먼 거리임에도 불구하고 상봉점에 오고 있어요😭 너무너무 맛있는 제 인생맛집이에요.. 점점 전국에 어글리스토브 매장의 개수가 줄어들어서 너무 슬픕니다..원래 판교점도 있었는데 사라졌더라구요😭😭이제 두개 남았습니다.. 진짜 너무 맛있는데 제발 사라지지 않았으면 좋겠는 간절한 마음으로 리뷰 써요🥲
79341071,어글리스토브 상봉점,,,"일하시는분들 다들 친절하시고, 파스타랑 피자 다맛있어요 특히 망고쉐이크는 찐이네요"
79341071,어글리스토브 상봉점,,,저녁에 방문예약 없이 이용대기 시간 바로 입장가족모임아이
79341071,어글리스토브 상봉점,,,저녁에 방문예약 없이 이용대기 시간 바로 입장가족모임친척・형제
79341071,어글리스토브 상봉점,,,"저녁에 방문예약 없이 이용대기 시간 바로 입장데이트아이, 연인・배우자"
79341071,어글리스토브 상봉점,,,"저녁에 방문예약 없이 이용대기 시간 바로 입장일상연인・배우자, 아이"
79341071,어글리스토브 상봉점,,,저녁에 방문예약 없이 이용대기 시간 바로 입장친목지인・동료
79341071,어글리스토브 상봉점,,,저녁에 방문예약 후 이용대기 시간 바로 입장가족모임친척・형제
79341071,어글리스토브 상봉점,,,점심에 가서 먹었는데 아이들이 오늘의 스프를 너무 잘먹네요 ㅎ
79341071,어글리스토브 상봉점,,,점심에 방문예약 없이 이용대기 시간 10분 이내 일상지인・동료
79341071,어글리스토브 상봉점,,,점심에 방문예약 없이 이용대기 시간 바로 입장가족모임친척・형제
79341071,어글리스토브 상봉점,,,점심에 방문예약 없이 이용대기 시간 바로 입장기념일연인・배우자
79341071,어글리스토브 상봉점,,,점심에 방문예약 없이 이용대기 시간 바로 입장데이트연인・배우자
79341071,어글리스토브 상봉점,,,점심에 방문예약 없이 이용대기 시간 바로 입장데이트친구
79341071,어글리스토브 상봉점,,,점심에 방문예약 후 이용대기 시간 바로 입장가족모임부모님
79341071,어글리스토브 상봉점,,,"점심에 방문예약 후 이용대기 시간 바로 입장나들이, 친목아이, 부모님"
79341071,어글리스토브 상봉점,,,"점심에 방문예약 후 이용대기 시간 바로 입장데이트, 가족모임연인・배우자, 아이"
79341071,어글리스토브 상봉점,,,조카랑 동생이랑 같이 방문했어요. 쿠폰이 있어서 점심 맛있게 먹었어요. 편하게 얘기하면서 식사할 수 있어서 자주 오는데 오늘 커피가 맛있었어요.
79341071,어글리스토브 상봉점,,,주차하고 찾아오기 편해서 지인이랑 점심먹기 좋아요. 시끄럽지않고 조용한 분위기 런치메뉴로 치킨필라프 알리오올리오 자몽에이드 둘이서 배부르게 먹었어요 또올게요~♡
79341071,어글리스토브 상봉점,,,집근처에 이런 패밀리레스토랑잇어서 좋아여 애기데리고 자주오는데 맛나고 가성비최고 .ᐟ
79341071,어글리스토브 상봉점,,,최근에 제가 어글리스토브 먹고싶다고 아주 노래를 부르다가 남자친구 덕분에 어글리스토브 방문!!!ㅎㅎ 여전히 존맛탱🥹 주기적으로 계속 생각나서 미치겠어요😭 적당히 맛있어야지!!!!! 어떻게 이렇게 맛있을수가..ㅠ 넘 잘먹었습니다❤️
79341071,어글리스토브 상봉점,,,친구랑 데이트로 방문했어요! 무려 친구 어머니가 추천해주신 상봉맛집!! 양이 생각보다 많았고 맛도 좋아요! 분위기도 좋고 직원분들이 친절해서 연인 데이트에 딱일듯해요.
79341071,어글리스토브 상봉점,,,커플세트로 안창스테이크랑 쉬림프 알리오올리오 먹었는데 가격 이상으로 정말 너무 맛있습니다ㅠㅠㅠ
79341071,어글리스토브 상봉점,,,커플세트에 프렌치토스트 추가했는데 양 많고 메뉴 하나하나 다 맛있어요
79341071,어글리스토브 상봉점,,,퀘사디아맛집이에요!!! 음식맛잇어용 또간집오면 여기추천하고싶어용 음식도빨리나오고 좋아요
1068844942,작은부엌,,,"가게 분위기도 아늑하고 무엇보다 음식이 참 맛있어서 좋아하는 사람들과 편안하고 즐겁게 식사하기 참 좋은 곳! 음식에 정성이 가득 느껴져서 흔치 않은 맛집이라는 느낌을 딱 받아버렸습니다 🤗 여기 소개팅 성공률도 높다는데, 왜 그런지 납득이 가네요 ㅎㅎ. 오래 오래 해주세요 사장님~~~"
1068844942,작은부엌,,,가게가 아늑하고 조명도 예뻐서 데이트나 소개팅 장소로도 강력 추천합니다. 사장님도 정말 친절하셔서 기분 좋게 식사하고 나왔습니다. 조만간 다른 메뉴 먹으러 또 방문할게요!
1068844942,작은부엌,,,감베로니 토마토 리조또는 상큼하면서도 새우가 탱글탱글해서 입안이 행복해지는 맛이었구요 🍤
1068844942,작은부엌,,,기네스 머신?이런거 첨봤어요!! 가격보고 대충 병맥주겠거니 했는데 띠용👀 ㅋㅋㅋㅋ 완전 제대로 맛있는 흑맥주 마셔서 완전 기분좋았습니다!! 흑맥주 쳐돌이인데 드디어 정착할곳 찾았네요!! 음식도 완전 존맛탱이라 한 입 한 입 먹는 내내 즐거웠습니다😆 피자도 나폴리탄도 뿌시러 또 가볼래요❣️
1068844942,작은부엌,,,끝부분 안 드시는 분들도 너무 맛있게 잘 드실 것 같아요 제과점의 페스츄리 먹는 기분으로 피자 끝부분까지 너무 맛있게 먹었습니당👍
1068844942,작은부엌,,,나폴리탄 좋아해서 시켜봤는데 맛있어요 리조또도 굿! 재방문할 거 같습니다!!!
1068844942,작은부엌,,,너무 맛있고 면목동에서 이렇게 맛있는맛집이드문데 정말 맛있습니다. 작은부엌 큰사장님 계세요 ㅎ 나폴리탄. 페스츄리 피자도 정말 맛있어요
1068844942,작은부엌,,,네이버 검색하고 방문 했는데 진짜 맛났어요. 사장님도 친절하시고 함께 간 친구도 대만족 이었어요 강추입니다
1068844942,작은부엌,,,느끼하지않고 소스도 면에 잘 배어있어서 지금까지먹어본 링귀니면 파스타 중에서 제일 맛있었다
1068844942,작은부엌,,,다른 식당에서 흔히 먹어볼 수 없었던 독창적인 메뉴라 기대를 많이했는데 기대를 뛰어넘는 맛이었어요!
1068844942,작은부엌,,,다음에는 크림 파스타나 리조또도 도전해보고 싶네요. 조용한 동네에서 감성 한 스푼 더해진 한 끼를 즐기고 싶다면 작은부엌에서의 식사를 추천합니다!
1068844942,작은부엌,,,달콤한 마늘소스에 베이컨과 치즈가 듬뿍 올려져있고 가장자리가 페스츄리로 되어있어 부담스럽지 않게 전부 먹을 수있어요!
1068844942,작은부엌,,,"달콤한 마늘소스에 치즈가 흐를정도로 정말 듬뿍들어있는 페스츄리 피자는 피자 꼬다리까지 물리지 않고 먹을 수 있고, 알리오올리오파스타는 통통한 새우가 정말 많이 들어있고, 마늘과 오일이 정말 느끼하지 않고 면이랑 너무 조화가 좋아서 피클없이 먹기에도 담백하고 찐 최고였어요! 가격도 착한데 퀄리티는 완전 고급진 레스토랑 퀄리티의 맛과 비주얼이라 다음에 방문 시 이번에 못먹어본 메뉴들도 꼭 다 먹어봐야겠습니다!"
1068844942,작은부엌,,,맛없었던건 아니지만 상상하던 맛이 아니라 신라면베이스의 소스에 파스타면 넣은느낌
1068844942,작은부엌,,,맛있는 파스타에 완전 반해버렸던 곳! 같이 주문했던 목살 스테이크도 넘 맛있더라구요. 플레이팅도 넘 예쁘고 메뉴들도 제 입맛에 딱이라 단골될 거 같아요ㅋㅋ분위기도 좋아서 데이트 장소로도 좋은 거 같아요
1068844942,작은부엌,,,먹어보고 싶은 곳이랍니다.사가정역 1번 출구 근처에 있는
1068844942,작은부엌,,,"묵은지 파스타는 처음 먹어보는데 뭔가 한국스러우면서도 파스타 맛이 나서 너무 신기했고,"
1068844942,작은부엌,,,"묵은지 파스타와 먹물리조또, 리코타 토마토 샐러드 너무나도 맛있는 조합이었습니다! 나중에 또 방문하고 싶은 가게입니다😊"
1068844942,작은부엌,,,"바질페스토파스타, 이베리코 스테이크 두 메뉴를 시켰는데, 너무 맛있어서 고민하다가 피자까지 시켰어요ㅠㅠ"
1068844942,작은부엌,,,부모님 모시고 갔는데 60대 부모님께서도 너무 맛있다고 하십니다 시그니처 메뉴인 피자는 정말 다른 곳에서 맛보지 못한 새로운 즐거움을 주었구요. 친절한 사장님~ 진짜 맛있게 잘 먹었습니다.
1068844942,작은부엌,,,"사장님 넘 친절하시고 음식도 하나같이 맛있구 양도 많고 좋아요., 거기에 가격도 착해서 사가정 근처에 데이트 맛집 찾고계셨다면 꼭 방문해보세요 후회없으실겁니다"
1068844942,작은부엌,,,손맛과 데코센스까지 좋은 식당 확장해서 사가정역 주변 으뜸 파스타집으로 됐으면하는 바램이 생기더라고요.
1068844942,작은부엌,,,"신랑과 데이트 겸 식사하러 갔습니다. 하우스 샐러드와 로제 파스타, 쉬림프 알리오 올리오를 주문했는데요, 입맛까다로운 신랑이 소스까지 싹싹 긁어먹더라고요 ㅋㅋ 로제 파스타 정말 강추 입니다. 시원+달달한 망고 에이드도 찐이니 꼭 드셔보시길 바라요^^!"
1068844942,작은부엌,,,신선하구 맛나요!! 알리오올리오랑 스테이크랑 시켰는데 맛나게 먹음요ㅎㅎ 샐러드도 곁들여먹기좋음
1068844942,작은부엌,,,아름다울 [미] 맛 [미] “미미” 파스타계의 전국구 맛집 이보다 더 맛있는 로제파스타집? 찾을수 없다.. 토마토와 오일 또한 둘째가라면 서러울 맛.. 피자 스테이크 어떠한 사이드메뉴도 너무 맛있어서 눈물을 훔치면서 먹어야하는 맛집.. 사장님도 직원분도 친절하시고 인테리어 또한 감성적💫 테이블도 넓어서 좋아요 굿 특별한날엔 무족권 작은식당 가서 파스타 쓸어버림 추천합니다✨
1068844942,작은부엌,,,"양식을 즐기지 않는데 진짜 너무너무 맛있어서 재방문 하고 싶은 매장이에요 ,, >3< 특히 페스츄리피자랑 스파게티 꼭 드시고 사장님도 친절하셔서 신나게 먹고왔습니당 ㅋㅋ 진짜 맛있어요!!! 머쉬룸 스파게티 먹었는데 진짜 꾸덕꾸덕 너무 맛있었슴니당 !!! 제가 사는 곳이랑은 거리가 좀 있는데 다음에 또 찾아갈 것 같네용"
1068844942,작은부엌,,,"여기 진짜 찐맛집이에요🫢 알리오 올리오는 전체적으로 간이 담백한데 그게 절대 밍밍한 느낌이 아니고 감칠맛은 살아있어서 접시에 그 무엇도 안 남기고 싹싹 다 먹었어요! 개운한 음식을 좋아하는 제 동생은 묵은지 파스타를 먹었는데 파스타도 맛나지만 묵은지가 특히 미쳤다며 감탄을 감탄을 ㅋㅋ 피자는 배부를 것 같아서 시키기 전에 고민을 좀 하다가 리뷰를 참고하면 모든 손님들이 허니갈릭 피자를 시켰다고 해서 먹어 보았는데, 안 시켰으면 크게 후회할 뻔 했어요-0- 허니갈릭 맛이 분명하게 나면서도 도우는 페스츄리 느낌이라서 이색적인 음식을 먹는 느낌이 들었어요. 가까운 동네라서 자주 가려고요^^"
1068844942,작은부엌,,,여기는 오징어도 올려주고 버섯향이 은은하게 올라와서 고급진 맛이 났어요 ㅠㅠㅠ 죽같이 퍼지는 리조또가 아니라 밥알이 느껴지는 리조또라서 좋았습니다!
1068844942,작은부엌,,,여긴 진짜 다 안먹으면 후회할것같아서 4조각 다 먹고왔어요 ㅋㅋ
1068844942,작은부엌,,,우와 지인 추천으로 와봤는데 가게 분위기도 너무 좋고 정말 가게 이름이랑 찰떡인 가게에요! 아늑하고 음식도 너무 맛있고!! 파스타랑 피자랑 너무 맛있어오!! 로제파스타 진짜 맛있습니다 추천 드려요 후회 안하실 겁니당~~~ 맛집 알게 되서 너무 좋네용🥹🥹👍👍👍❣️
1068844942,작은부엌,,,음식 너무너무 맛있게 잘 먹고갑니다~~!!ㅎㅎ 번창하세용!!💞
1068844942,작은부엌,,,"이베리코 스테이크는 쫄깃하면서 씹을 때마다 육즙이 터지고, 피자는 치즈 가즉에 빵도 그냥 빵이 아니라 크로와상처럼 겹겹이 바삭해요."
1068844942,작은부엌,,,"작은 부엌에서는 페스츄리피자를 특별하게 맛볼 수있어서 너무 좋았고, 파스타가 면이 쫄깃하구 수제 토마토소스로 만드셔서 너무 맛있었습니다!🥰"
1068844942,작은부엌,,,작은부엌 너무 맛있어요❤️❤친절하시구❤️ 특히 묵은지파스타 추천합니다!😍👍👍 다음에 또 올게요!😘
1068844942,작은부엌,,,작은부엌을 왜 이제 알았을까요ㅠㅠㅎㅎ 빠네파스타랑 오징어 먹물 리조또 먹었는데 양도 많고 넘 맛있었어요~~ 메뉴도 많아서 다른 메뉴 하나씩 먹어보며 도장깨기 하구 싶어요~~ 분위기도 좋아서 누구와 가도 좋을 것 같습니다🤍 번창하세요 사장님!!
1068844942,작은부엌,,,저녁에 방문예약 없이 이용대기 시간 바로 입장데이트연인・배우자
1068844942,작은부엌,,,저녁에 방문예약 없이 이용대기 시간 바로 입장데이트연인・배우자
1068844942,작은부엌,,,저녁에 방문예약 없이 이용대기 시간 바로 입장친목지인・동료
1068844942,작은부엌,,,저녁에 방문예약 없이 이용대기 시간 바로 입장친목친구
1068844942,작은부엌,,,저녁에 방문예약 후 이용대기 시간 바로 입장데이트연인・배우자
1068844942,작은부엌,,,점심에 방문예약 후 이용대기 시간 바로 입장일상
1068844942,작은부엌,,,찐으로 자주 방문중인 사가정 동네 양식 맛집 작은부엌이에요
1068844942,작은부엌,,,친구들이랑 와서 이것저것 시켰는데 나중에 남자친구랑 올게요!!ㅋㅋㅋㅋ 진짜 너무 맛있고 분위기도 너무 좋아요🫶🏻
1068844942,작은부엌,,,친구와 자주는 아니지만 사가정에서 약속이 있으면 항상 가는곳이에요😊 오랜만에 갔는데도 변함없이 맛있어서 넘 잘 먹었어요!! 피자 파스타도 맛있지만 리조또랑 스테이크도 꿀맛❣️ 메뉴 전부 다 맛있어서 면목동 파스타 맛집 찾는다면 여기가세요!!!
1068844942,작은부엌,,,파스타 맛집 👍👍 면이 굵고 납작한 스타일이라 완전 취향 저격 소스도 넉넉하고 그냥 맛도리
1068844942,작은부엌,,,파스타 항상 너무 맛있고 오징어 먹물 리조또 플레이팅이뻐서 먹기 아까웠어요ㅜ 담에 또 오겠습니당❤️
1068844942,작은부엌,,,파스타가 생각날때마다 오는곳인뎅 너무 맛있고 재료도 신선해서 좋아요! 사장님과 직원분도 무지 친절하셔서 기분좋게 식사할 수 있는 파스타집입니다!👍🏻
1068844942,작은부엌,,,"파스타에는 새우가 크게 들어있고 토마토가 맛있었어요!♡피자는 도우가 바삭!! 치즈도 쫙쫙늘어나니 너무맛있어요.👍 샐러드는깔끔한 입가심~~ 너무 만족스러운 가격, 맛이였어요}"
1068844942,작은부엌,,,"피자는 도우가 페스츄리라 겉은 바삭, 속은 촉촉해고 버터 향이 진짜 굳굳!! 로제 파스타는 꾸덕꾸덕한 크림에 매콤한 맛이 딱 밸런스 잡혀서 계속 들어갔어요!"
1068844942,작은부엌,,,피자와 파스타 비주얼 좀 보세요 ㅎㅎ 진짜 너무 맛있었습니당. 작은부엌이라는 이름값답게 작고 아늑한 공간이었습니다 ㅎㅎ 파스타랑 피자도 너무 맛있었어요!! 특히 로제 파스타는 잊지못할 맛 ㅎㅎ.. 또 방문해야겠어용ㅎㅎ
1068679360,카페252,,,가게 인테리어가 너무 예뻐서 벌써 5번째 방문이에요! 음식도 맛있고 상봉에서 제일 예쁘고 크고 쾌적한 브런치카페에요! 항상 디저트도 먹어보고싶은데 밥먹느라 배불러서 못먹어보네요ㅠㅠ 디저트도 엄청 맛있어보여요!♡ 직원분도 친절하십니다!♡
1068679360,카페252,,,가끔 저녁먹으러 들르는데 스테이크 세일을 계속 해서 좋아요~고기질이 좋을때있고 나쁠때 있지만 다른 메뉴는 전반적으로 편하게 먹을수있어요
1068679360,카페252,,,가성비 좋은 2인세트 먹었어요. 게살크림리조또 고소하고 입에 착착 붙네요. 루꼴라 듬뿍 든 루꼴라피자도 맛있었어요. 아메리카노도 의외로 맛있어서 깜짝놀랐어요^^
1068679360,카페252,,,가족끼리 올만한 곳이고 연인 그리고 혼자여도 충분히 분위기를 낼 만한 가게였다 그리고 귀여운건 음식을 고르고 자리에 앉아있으면 로봇이 서빙해준다 !!
1068679360,카페252,,,넓고 메뉴도 다양하고 아기 간식도 있고 주차도 되서 아기 어릴때 모임하기 정말 좋아요!
1068679360,카페252,,,"다만 예스키즈존 소파자리에 자리를 잡았는데 청소가 안 되어있어서 음식 부스러기랑 이물질이 많아 직접 청소했습니다ㅜ 중간중간 좌석 청소, 청결 관리만 잘 해 주시면 훨씬 쾌적한 경험이 될 것 같아요!"
1068679360,카페252,,,루꼴라 피자는 오늘도 맛있네요 ㅎㅎ 오늘도 잘먹고 갑니다~~ :)
1068679360,카페252,,,맛있어서 자주 옵니다 오늘은 가족 모음으로 와서 저렴하고 푸짐하게 먹고 있어요~ 셋트메뉴로 하면 저렴해요
1068679360,카페252,,,매장이 넓고 깨끗해요. 음식도 맛있어서 모임장소로도 좋을 것 같아요. 오랜만에 친구들과 맛있는 음식 먹으며 좋은 시간 보냈네요. 재방문의사 있어요^^
1068679360,카페252,,,매장이 넓어서 좋고 인테리어에 신경쓴게 느껴져요. 한공간인데 다른 분위기의 공간들이 모여있어요.
1068679360,카페252,,,매장이 넓어요. 브런치하기 딱 좋은 곳이에요. 메뉴도 다양하고 좋아요
1068679360,카페252,,,"매장이 크고 층고도 높고, 좌석들이 엄청 다양하고 많아서 여럿이 오기도 좋고 데이트 오기도 좋을 것 같아요! 화장실도 깨끗한 편이었습니당 추천"
1068679360,카페252,,,모임으로 브런치 하러 왔는데... 음식들이 너무 맛있어요. ^^ 자극적이지 않아요. 실내 분위기도 좋고 조용히 이야기 하며 식사하기 좋네요. 커피도 맛있어요. 직원분들도 친절하시고~ 음식 먹다가 식으며 살짝 데워 먹기도 해서 좋습니다. ^^
1068679360,카페252,,,미디움레어로 시켰는데 부드럽게 잘 구워져 나와서 맛있게 먹었어요.
1068679360,카페252,,,"식구가 많아서 동네에 큰 카페가 없는데 여긴 크고 넓고, 주차도 가능해서 너무 좋습니다."
1068679360,카페252,,,아기자기하고 예뻐서 육아스트레스가 해소되는 느낌이라 넘 좋았어요~
1068679360,카페252,,,아들 내외랑 식사했어요 카페도 넓고 파스타 피자 다 맛있게 먹고 의자도 편해서 잘~~있다왔어요 애기들은위한 죽도 판매하고 있어 애기엄마들도 좋아할만한 곳이예요
1068679360,카페252,,,아이들과 생각없이 너무 펺게 오는 동네 맛집입니다. 아이있는집은 너무 좋아요
1068679360,카페252,,,"아침에 방문예약 없이 이용대기 시간 바로 입장일상아이, 연인・배우자"
1068679360,카페252,,,아침에 방문예약 없이 이용대기 시간 바로 입장친목지인・동료
1068679360,카페252,,,아침에 방문예약 없이 이용대기 시간 바로 입장친목친구
1068679360,카페252,,,알리오올리오랑 불고기크림파스타 먹었는데 주방장님 바뀌셨나요?ㅋ 오늘 파스타 미쳤어요😂
1068679360,카페252,,,예스키즈존도 있고 공간이 진짜 넓어서 중랑구에 몇없는 대형카페에요~!
1068679360,카페252,,,오늘 오랜만에 루꼴라피자 시켜봤어요! 오랜만에 먹으니까 더 맛있어진 느낌이에요! 오늘은 엄마랑 둘이서 한판 다먹을정도로 진심맛있었답니다!!! 치즈도 부드럽고 꼬소하구~ 도우도 바삭해서 좋았어요!!! 252 커피는 항상 말모말모:) 오늘도 맛있게 잘먹고갑니다!
1068679360,카페252,,,오랜만에 아이와 왔는데 여전히 맛있고 아이밥까지 해결할 수 있어 정말좋아요 !¨̮
1068679360,카페252,,,음료도 리필가격이 따로 있어서 오래 시간 보낼수 있어서 좋습니다!
1068679360,카페252,,,음식들이 항상 맛있어요ㅎㅎ 가성비 세트메뉴들도 너무 좋아요 잘먹고갑니다😊
1068679360,카페252,,,음식이 전반적으로 자극적이지 않고 간도 잘맞고 맛있었습니다. 아기 먹일 소스류가 다 품절되서 미역국 주문했는데 아주 잘 먹었습니다. 다만 이런 국류와 함께 먹을 햇반이나 아기용 공기밥을 판매하면 좋을 것 같습니다. 편의점 가서 아기밥만 햇반으로 사와서 먹인게 조금 아쉬웠습니다.
1068679360,카페252,,,이유식 구입만 하다가 처음 식사하러 방문했는데 음식도 맛있고 아이랑 같이 오기 좋아요✨ 넓어서 쾌적하고요! 커피도 맛있어서 차마시러 종종 와야겠어요!!!☺️
1068679360,카페252,,,저녁에 방문예약 없이 이용대기 시간 바로 입장데이트연인・배우자
1068679360,카페252,,,저녁에 방문예약 없이 이용대기 시간 바로 입장데이트연인・배우자
1068679360,카페252,,,저녁에 방문예약 없이 이용대기 시간 바로 입장일상친구
1068679360,카페252,,,"저녁에 방문예약 없이 이용대기 시간 바로 입장친목친구, 지인・동료"
1068679360,카페252,,,점심에 방문예약 없이 이용대기 시간 바로 입장나들이아이
1068679360,카페252,,,점심에 방문예약 없이 이용대기 시간 바로 입장데이트연인・배우자
1068679360,카페252,,,점심에 방문예약 없이 이용대기 시간 바로 입장데이트연인・배우자
1068679360,카페252,,,점심에 방문예약 없이 이용대기 시간 바로 입장연인・배우자
1068679360,카페252,,,점심에 방문예약 없이 이용대기 시간 바로 입장일상혼자
1068679360,카페252,,,점심에 방문예약 없이 이용대기 시간 바로 입장친목친구
1068679360,카페252,,,점심에 방문예약 없이 이용대기 시간 바로 입장친목친구
1068679360,카페252,,,좋습니다~ 인형도 잇어서 소꿉놀이하면서 아이들이 즐겁게 놀다갑니당ㅎㅎ
1068679360,카페252,,,좋은것 같아요~ 파스타랑 같이 먹으면 리프레쉬되는 느낌이라 항상 같이 먹는 메뉴중 하나예요~!!
1068679360,카페252,,,지인들만나서 어디 시원하고 맛있는 브런치카페없나 찾다가 왔어요 주차하기편하고 일단 인테리어가 너므 이뻐요
1068679360,카페252,,,집 앞이라 지나가다 들어오게 되었는데 상봉에 몇안되는 대형카페로 단체모임하기도 좋고 이유식도 따로 만들어 파셔서 유아동반도 좋을 듯 해요~ 깨끗하고 친절해서 맘에 듭니다
1068679360,카페252,,,카운터에 계신분에 2인세트 할인적용시켜주셔서 싸게. 잘먹었어요^^ 가족끼리 외식하기 추천합니다.
1068679360,카페252,,,카페분위기가 너무좋고 음식이 맛있어요!! 그리고 다들 친절하셔요💗 단체모임하기에도 너무좋을거같고 데이트하기에도 좋을거같아요 💗
1068679360,카페252,,,케이크도 보면 수건 케이크도 있고 빙수도 맛있어 보여서 먹어보고 싶네요 ㅎㅎ
1068679360,카페252,,,파스타랑 피자 음료 시켜서 먹었는데 진짜 맛있어요~아이가 또 오자고 하네요~담에는 스테이크를 먹어봐야겠어요~
1068679360,카페252,,,"피자는 도우가 얇고 바삭해서 부담 없이 즐길 수 있었고, 치즈가 풍성하게 올라가 있어 만족스러웠습니다. 게살 리조또는 고소하면서도 크리미한 맛이 잘 살아 있어서 든든한 한 끼로 딱이었고요. 샌드위치는 속이 알차게 들어가 있어서 간단하게 먹기에도 좋았습니다."
1068679360,카페252,,,항상 올때마다 너무 너무 맛있게 먹고 행복한 시간을 보내다 가는 곳. 가끔 생각나는곳이에요♡
